id,sgRNA.sequence,Gene
rsmE_9,GTTCAGGATGATAAATGCGG,rsmE
rsmE_10,GGTTCAGGATGATAAATGCG,rsmE
rsmE_11,TGGTTCAGGATGATAAATGC,rsmE
rsmE_12,GTGGTTCAGGATGATAAATG,rsmE
rsmE_25,GAATGGCTGGTCAGTGGTTC,rsmE
rsmE_31,ATGTGAGAATGGCTGGTCAG,rsmE
rsmE_38,AAGCGCGATGTGAGAATGGC,rsmE
rsmE_42,CGCAAAGCGCGATGTGAGAA,rsmE
rsmE_71,TACGCGCCCGATATGGTTGG,rsmE
rsmE_74,CAGTACGCGCCCGATATGGT,rsmE
rsmE_78,TGCGCAGTACGCGCCCGATA,rsmE
rsmE_106,AACAATTGCAACGCCTGCCC,rsmE
rsmE_141,TAATTTCGGCGTCAAAGACC,rsmE
rsmE_155,TTTGCTGGCGCTGGTAATTT,rsmE
rsmE_164,CACGCTTTTTTTGCTGGCGC,rsmE
rsmE_170,CACTTCCACGCTTTTTTTGC,rsmE
rsmE_207,GAGATTCGCGATCGTCGATC,rsmE
rsmE_229,TGACCGAGGTGAATATGCAG,rsmE
rsmE_243,CACGCGACATCACCTGACCG,rsmE
rsmE_288,CACCGAGTTCGATCGATTTC,rsmE
rsmE_315,CAGAAAAAAGTGGCGTAATG,rsmE
rsmE_325,CCGCAGCGCTCAGAAAAAAG,rsmE
rsmE_413,GTTACGACCACACTGCTCAC,rsmE
rsmE_435,CTGGACGGATTTCCGGCACC,rsmE
rsmE_442,TCCATCGCTGGACGGATTTC,rsmE
rsmE_450,CTTCCAGATCCATCGCTGGA,rsmE
rsmE_454,CAGGCTTCCAGATCCATCGC,rsmE
rsmE_473,TTCATCCTGCTCTGCACACC,rsmE
rsmE_516,TGATGCTGTTACTGGCGCGC,rsmE
rsmE_517,TTGATGCTGTTACTGGCGCG,rsmE
rsmE_524,CAACGTATTGATGCTGTTAC,rsmE
rsmE_547,CGGACGCGTTCAACCGGTAA,rsmE
rsmE_553,AGCAGGCGGACGCGTTCAAC,rsmE
rsmE_567,CTTCCGGGCCAATCAGCAGG,rsmE
rsmE_570,CGCCTTCCGGGCCAATCAGC,rsmE
rsmE_582,CTGCCGATAAACCGCCTTCC,rsmE
rsmE_614,AAATTGATAGCGGGCAGTCA,rsmE
rsmE_623,GATATCAGTAAATTGATAGC,rsmE
rsmE_624,GGATATCAGTAAATTGATAG,rsmE
rsmE_645,GCAAAACGCGAGGTCCCAAC,rsmE
rsmE_655,GTCTCTGTACGCAAAACGCG,rsmE
rsmE_689,TACTTGTAGCGCGGTAATGG,rsmE
rsmE_692,TCGTACTTGTAGCGCGGTAA,rsmE
rsmE_698,GCCAAATCGTACTTGTAGCG,rsmE
nirD_6,TTTTGCAGATGTCTTTCCAC,nirD
nirD_39,CGCAGACGCCGGTTTCAGGC,nirD
nirD_43,AGCGCGCAGACGCCGGTTTC,nirD
nirD_50,ACCTAACAGCGCGCAGACGC,nirD
nirD_93,CCTGATCGCTGTGATACGGG,nirD
nirD_96,ACACCTGATCGCTGTGATAC,nirD
nirD_97,AACACCTGATCGCTGTGATA,nirD
nirD_138,GCACGCTGGACTCGAAGAAC,nirD
nirD_139,AGCACGCTGGACTCGAAGAA,nirD
nirD_152,CAGTCCGCGTGACAGCACGC,nirD
nirD_186,TGGCGACCCACAGCTCGCCC,nirD
nirD_206,ACGCTGTTTTTTCAGCGGGC,nirD
nirD_210,GAAAACGCTGTTTTTTCAGC,nirD
nirD_211,CGAAAACGCTGTTTTTTCAG,nirD
nirD_272,TCGCGCTTCGTAATGTTTGA,nirD
nirC_54,CGAGCGGGTTATTTGCCGAC,nirC
nirC_69,AGCTGACCCAAAAGCCGAGC,nirC
nirC_70,GAGCTGACCCAAAAGCCGAG,nirC
nirC_92,CACATACGCGCCCGCCATGG,nirC
nirC_95,ACCCACATACGCGCCCGCCA,nirC
nirC_129,AATTACCGAGCGTGAAAATC,nirC
nirC_160,ATCACCAAAGGGCGTACGGA,nirC
nirC_171,AGGTCGCGCCCATCACCAAA,nirC
nirC_191,CAGCGTTAAGGCGATACCAA,nirC
nirC_203,GGCGATAATCACCAGCGTTA,nirC
nirC_224,TCCGGTGAACAGTTCAGAAC,nirC
nirC_242,GGTGAGGAACATGGTGTGTC,nirC
nirC_251,TACCCCAAAGGTGAGGAACA,nirC
nirC_258,CCGCTTTTACCCCAAAGGTG,nirC
nirC_263,GCTGCCCGCTTTTACCCCAA,nirC
nirC_291,GGATTGCCCACATTTGCCCG,nirC
nirC_312,TACCCAGCCAGGTTTGCGGC,nirC
nirC_316,AGGTTACCCAGCCAGGTTTG,nirC
nirC_323,ACCGACCAGGTTACCCAGCC,nirC
nirC_336,CAACGAAGACGGAACCGACC,nirC
nirC_347,ATAGAGCATGGCAACGAAGA,nirC
nirC_359,GCCGCCCCAGCTATAGAGCA,nirC
nirC_387,TGCTGGTATCTACCGGCAGC,nirC
nirC_394,TGAACGATGCTGGTATCTAC,nirC
nirC_404,CGCGACGGAGTGAACGATGC,nirC
nirC_419,AGTGGTTTTAGCCAGCGCGA,nirC
nirC_437,GAGTACCATTGCCGGTGCAG,nirC
nirC_445,TTGAAGAAGAGTACCATTGC,nirC
nirC_495,GCAGCGCCATCCAGATTGCC,nirC
nirC_578,AGCGATAGAGTGCTCGTAGC,nirC
nirC_623,TTCGCTGTGGTTGCCGAACC,nirC
nirC_636,CCAGCGTGTAGGCTTCGCTG,nirC
nirC_647,ACCAATACCCGCCAGCGTGT,nirC
nirC_675,TACCCAGCGTCACCCACAGC,nirC
nirC_713,ATAACCCAATCCCATGAATA,nirC
nirC_748,GCAACCGGACGATTCGCTTT,nirC
nirC_763,TGATTAAATTTGTCCGCAAC,nirC
nirB_45,GAAGATCTTCGATAAAGCGA,nirB
nirB_86,GAAAACGGTAATATCAAAGT,nirB
nirB_101,GCGCGGTTCTTCACAGAAAA,nirB
nirB_118,ACGCGGTCATAAGCGATGCG,nirB
nirB_135,AGTAAGACGAGAGGTGTACG,nirB
nirB_144,GGTGAGAGAAGTAAGACGAG,nirB
nirB_165,GCGACAGCTCTTCGGCGGTG,nirB
nirB_170,CACCAGCGACAGCTCTTCGG,nirB
nirB_173,GCGCACCAGCGACAGCTCTT,nirB
nirB_251,CACCTTCTCCTGACGGTTGA,nirB
nirB_258,AGTGAATCACCTTCTCCTGA,nirB
nirB_281,AAAAACGGTACGTCCGGCGC,nirB
nirB_287,GTCATAAAAAACGGTACGTC,nirB
nirB_296,GATCAGCTTGTCATAAAAAA,nirB
nirB_326,CGGGATCCACGGGTAGGAAC,nirB
nirB_332,GATTGGCGGGATCCACGGGT,nirB
nirB_336,CTTTGATTGGCGGGATCCAC,nirB
nirB_337,CCTTTGATTGGCGGGATCCA,nirB
nirB_345,TATCAGAACCTTTGATTGGC,nirB
nirB_346,GTATCAGAACCTTTGATTGG,nirB
nirB_349,TGAGTATCAGAACCTTTGAT,nirB
nirB_419,GCGTTTGCTGCGACGGGCGC,nirB
nirB_425,GGCACCGCGTTTGCTGCGAC,nirB
nirB_426,CGGCACCGCGTTTGCTGCGA,nirB
nirB_446,TAACAGGCCGCCACCAACAA,nirB
nirB_462,CTGCGGCTTCCAGACCTAAC,nirB
nirB_479,TAAGTTTTTCAGCGCGCCTG,nirB
nirB_512,AGGGGCAAATTCGATAACGT,nirB
nirB_513,TAGGGGCAAATTCGATAACG,nirB
nirB_530,CTGTTCTGCCATCAGCATAG,nirB
nirB_531,GCTGTTCTGCCATCAGCATA,nirB
nirB_532,AGCTGTTCTGCCATCAGCAT,nirB
nirB_617,AATCTCAAGGGTGTTTTTGC,nirB
nirB_629,ACCTTCCTGCACAATCTCAA,nirB
nirB_630,CACCTTCCTGCACAATCTCA,nirB
nirB_668,GCTGCCGTCGGCAAAACGCA,nirB
nirB_680,GACTTCCAGTTCGCTGCCGT,nirB
nirB_722,CTTATCGCGCGGACGGATAC,nirB
nirB_729,TTGCCAGCTTATCGCGCGGA,nirB
nirB_733,TGGGTTGCCAGCTTATCGCG,nirB
nirB_753,GAGCAACGTCCAGACCACAC,nirB
nirB_775,TTAATGACAATACCCCCACG,nirB
nirB_803,ATCCGGATCGGAAGTCTGGC,nirB
nirB_807,AGATATCCGGATCGGAAGTC,nirB
nirB_815,GATGGCGTAGATATCCGGAT,nirB
nirB_820,TCACCGATGGCGTAGATATC,nirB
nirB_833,CCAGCTTGCGCATTCACCGA,nirB
nirB_861,GTGCTACCAGACCAAATACA,nirB
nirB_883,ACCTGCGCCATTTTGTAGCC,nirB
nirB_908,GCTACCGAGAATATGGTCAA,nirB
gshB_27,TGATGTTGATGTTTGCGATG,gshB
gshB_28,TTGATGTTGATGTTTGCGAT,gshB
gshB_29,CTTGATGTTGATGTTTGCGA,gshB
gshB_59,TTCCAGCAACATAGCAAAAC,gshB
gshB_150,TCAGCGTGCGGGTATGGGCG,gshB
gshB_155,CACGTTCAGCGTGCGGGTAT,gshB
gshB_156,TCACGTTCAGCGTGCGGGTA,gshB
gshB_161,CTGCTTCACGTTCAGCGTGC,gshB
gshB_226,ATCACATCGAGATCGGCCAG,gshB
gshB_233,CATCAGGATCACATCGAGAT,gshB
gshB_249,ACGGCGGGTCTTTACGCATC,gshB
gshB_264,TAAACTCGGTATCAAACGGC,gshB
gshB_265,ATAAACTCGGTATCAAACGG,gshB
gshB_268,TAGATAAACTCGGTATCAAA,gshB
gshB_278,ATAGGTCGCGTAGATAAACT,gshB
gshB_296,TTCGGCACGTTCCAGAATAT,gshB
gshB_314,GATCAGCGTCCCTTTCTCTT,gshB
gshB_346,TTACAGTCGCGCAGGCTCTG,gshB
gshB_354,GTTTCTCGTTACAGTCGCGC,gshB
gshB_383,CGTTAAGTCAGAGAACCAGG,gshB
gshB_386,TGGCGTTAAGTCAGAGAACC,gshB
gshB_406,TTGCGCGTAACCAGCGTTTC,gshB
gshB_513,TTGGATCGCCTTCTTTCACG,gshB
gshB_532,TCGGCAATCACGCCGAGGTT,gshB
gshB_537,GGGTTTCGGCAATCACGCCG,gshB
gshB_551,GCCATGCTCAGTCAGGGTTT,gshB
gshB_557,GCGAGTGCCATGCTCAGTCA,gshB
gshB_558,AGCGAGTGCCATGCTCAGTC,gshB
gshB_600,CGCCATCTTTAATGGCTGGC,gshB
gshB_604,TTGTCGCCATCTTTAATGGC,gshB
gshB_608,GCGTTTGTCGCCATCTTTAA,gshB
gshB_652,CGCGCCAGGCAGTACGGTAC,gshB
gshB_658,GGAATACGCGCCAGGCAGTA,gshB
gshB_695,ACCGGCAGCCAGATTGCCAC,gshB
gshB_696,CACCGGCAGCCAGATTGCCA,gshB
gshB_713,ACGAGGTTCACCGCGACCAC,gshB
gshB_730,TCACTTTCCGTCAGCGGACG,gshB
gshB_736,TTCCAGTCACTTTCCGTCAG,gshB
gshB_764,CAGCGTCGGCCCGATCTGAC,gshB
gshB_765,TCAGCGTCGGCCCGATCTGA,gshB
gshB_778,AGCCCTTTTTCTTTCAGCGT,gshB
gshB_831,TGACGTTAATTTCAGTCAGA,gshB
gshB_854,CTCACGAATACAGGTTGGGC,gshB
gshB_858,CAATCTCACGAATACAGGTT,gshB
gshB_859,TCAATCTCACGAATACAGGT,gshB
gshB_863,TGCTTCAATCTCACGAATAC,gshB
gshB_892,AACATTCCGGTGATCGACAC,gshB
gshB_905,GATGGCATCCATTAACATTC,gshB
gshB_923,CTGCTGTAAACGTGCTTCGA,gshB
fic_31,TCAAGGCCTGGATAAAGATA,fic
fic_43,TTACGCATGATATCAAGGCC,fic
fic_48,GCCGGTTACGCATGATATCA,fic
fic_66,GCTGCTGGCGGATGTTCAGC,fic
fic_78,GTTCCAGCCGCTGCTGCTGG,fic
fic_81,CCTGTTCCAGCCGCTGCTGC,fic
fic_104,CAGCGCCGTCATTTCGTAAG,fic
fic_137,CACCAGCGGACCAAGCTCAA,fic
fic_151,TGCGGTAAACCGCGCACCAG,fic
fic_169,CGATGGATAGTTCGCAAATG,fic
fic_192,CGAAAATATCCTGATACAGC,fic
fic_262,ATATAAGCAAAGTGGCAGAA,fic
fic_270,CTTTTTCGATATAAGCAAAG,fic
fic_302,TTCCTCCAGATCCTGCATCA,fic
fic_303,CTTCCTCCAGATCCTGCATC,fic
fic_342,CGACGAACTTCGCTTTCTCC,fic
fic_406,AGACCACTTCCCACCCGGAA,fic
fic_407,CAGACCACTTCCCACCCGGA,fic
fic_411,GTGCCAGACCACTTCCCACC,fic
fic_467,CTGCCAGCTCAGTTGATATC,fic
fic_506,ACTCTGATTTGCCTGATTCC,fic
fic_548,GCTAAATATCATCTGCAGTG,fic
kbaZ_62,CAGCGGATGTGCGGAACAAA,kbaZ
kbaZ_71,TTCCAGCACCAGCGGATGTG,kbaZ
kbaZ_79,ATTGCAGCTTCCAGCACCAG,kbaZ
kbaZ_102,TTTGGTTTGCACTGGCGTAG,kbaZ
kbaZ_110,TAACGGCGTTTGGTTTGCAC,kbaZ
kbaZ_120,CTTCAATCAGTAACGGCGTT,kbaZ
kbaZ_127,GAGGTTGCTTCAATCAGTAA,kbaZ
kbaZ_146,GAACTGGTCTACCTGATTGG,kbaZ
kbaZ_149,GCCGAACTGGTCTACCTGAT,kbaZ
kbaZ_162,TTCCGGTATAACCGCCGAAC,kbaZ
kbaZ_179,AAAATCGGCGGGCGTCATTC,kbaZ
kbaZ_190,ACAAAGCCGCGAAAATCGGC,kbaZ
kbaZ_191,AACAAAGCCGCGAAAATCGG,kbaZ
kbaZ_194,ACAAACAAAGCCGCGAAAAT,kbaZ
kbaZ_224,CTGCGGGAAATTCAACGAGT,kbaZ
kbaZ_240,CCAGAATCAACGCATCCTGC,kbaZ
kbaZ_241,CCCAGAATCAACGCATCCTG,kbaZ
kbaZ_270,GCCAGCGGTTTGGCCCCAGA,kbaZ
kbaZ_280,GGCAGGTTTTGCCAGCGGTT,kbaZ
kbaZ_285,CGGCCGGCAGGTTTTGCCAG,kbaZ
kbaZ_297,CCATTGCCTGAGCGGCCGGC,kbaZ
kbaZ_301,TTGGCCATTGCCTGAGCGGC,kbaZ
kbaZ_305,GGCATTGGCCATTGCCTGAG,kbaZ
kbaZ_320,TTTAATCAAATCATCGGCAT,kbaZ
kbaZ_326,GTAGCTTTTAATCAAATCAT,kbaZ
kbaZ_372,AGGACATGCTGCAATCAAGG,kbaZ
kbaZ_375,GACAGGACATGCTGCAATCA,kbaZ
kbaZ_392,GGGAATCGGATCGTCCTGAC,kbaZ
kbaZ_406,ATGTCATCAGTTAAGGGAAT,kbaZ
kbaZ_412,GCCACGATGTCATCAGTTAA,kbaZ
kbaZ_413,AGCCACGATGTCATCAGTTA,kbaZ
kbaZ_443,CGCCACTTTCGCCAGACGGG,kbaZ
kbaZ_447,CTTCCGCCACTTTCGCCAGA,kbaZ
kbaZ_473,TTCGCCAAAGTGTTCAAGAC,kbaZ
kbaZ_497,ACCAATGACATACTCCAGAT,kbaZ
kbaZ_521,GCCGCCAGGTACCGGCACTT,kbaZ
kbaZ_529,TCATGCGCGCCGCCAGGTAC,kbaZ
kbaZ_535,AAGGTTTCATGCGCGCCGCC,kbaZ
kbaZ_554,GGTGACCGCCAGCTCGCTTA,kbaZ
kbaZ_591,GATGGGCTTCCAGCGTGGCG,kbaZ
kbaZ_596,GTGACGATGGGCTTCCAGCG,kbaZ
kbaZ_608,CTTTTCAAAGGCGTGACGAT,kbaZ
kbaZ_609,GCTTTTCAAAGGCGTGACGA,kbaZ
kbaZ_620,ATTCAAACCTTGCTTTTCAA,kbaZ
kbaZ_644,GGCAATGATGCGTGGCCAGA,kbaZ
kbaZ_652,ACCACCAGGGCAATGATGCG,kbaZ
kbaZ_665,GACGCCGGGTTGAACCACCA,kbaZ
kbaZ_666,CGACGCCGGGTTGAACCACC,kbaZ
kbaZ_679,GTGTGATCGAATTCGACGCC,kbaZ
kbaZ_680,GGTGTGATCGAATTCGACGC,kbaZ
nadA_19,AAAGGATAAATCGCCGTGTC,nadA
nadA_37,GGCGTCGGCTTCGGGGGGAA,nadA
nadA_42,TTAACGGCGTCGGCTTCGGG,nadA
nadA_43,CTTAACGGCGTCGGCTTCGG,nadA
nadA_44,GCTTAACGGCGTCGGCTTCG,nadA
nadA_45,TGCTTAACGGCGTCGGCTTC,nadA
nadA_46,ATGCTTAACGGCGTCGGCTT,nadA
nadA_52,TCATCAATGCTTAACGGCGT,nadA
nadA_58,GCTTTTTCATCAATGCTTAA,nadA
nadA_87,GCAGACGTTTTATCTTCTCG,nadA
nadA_137,TTCGGGATCGGTATAGTAGT,nadA
nadA_138,TTTCGGGATCGGTATAGTAG,nadA
nadA_154,TCTGCCAGTTGTTGAATTTC,nadA
nadA_155,TTCTGCCAGTTGTTGAATTT,nadA
nadA_182,AGAATCAGAAATACAGCCAC,nadA
nadA_235,GCGACTAACAAAGTAGAAGC,nadA
nadA_236,AGCGACTAACAAAGTAGAAG,nadA
nadA_281,TTCCGGACTGAGAATTTTGG,nadA
nadA_284,TTTTTCCGGACTGAGAATTT,nadA
nadA_298,GGCATCAGAATTGTTTTTTC,nadA
nadA_319,GAACATTCAGCCTGAAGTGT,nadA
nadA_357,ATGCGTTAAATTCTTCAACA,nadA
nadA_358,AATGCGTTAAATTCTTCAAC,nadA
nadA_389,GACGACAGTACGATCGGGAT,nadA
nadA_390,CGACGACAGTACGATCGGGA,nadA
nadA_394,TAGACGACGACAGTACGATC,nadA
nadA_395,GTAGACGACGACAGTACGAT,nadA
nadA_419,TTTTACCGCAGCAGAAGTGT,nadA
nadA_476,AAGATGATCAATAAGTTCGA,nadA
nadA_529,TAACGCCCCAGATGTTTGTC,nadA
nadA_530,GTAACGCCCCAGATGTTTGT,nadA
nadA_596,AAATTCATCATGCACAATAC,nadA
nadA_635,CGGGTATTCTTCTTGCAAGC,nadA
nadA_636,CCGGGTATTCTTCTTGCAAG,nadA
nadA_654,GCACCAGTATGGCAGCATCC,nadA
nadA_655,TGCACCAGTATGGCAGCATC,nadA
nadA_665,TGATTCTGGATGCACCAGTA,nadA
nadA_679,ACAATAGCTTGTGGTGATTC,nadA
nadA_688,GCCATATCGACAATAGCTTG,nadA
nadA_725,AGCAGCGATCAGTTGACTGG,nadA
nadA_728,CGCAGCAGCGATCAGTTGAC,nadA
nadA_760,GCCACAATAAGCCTCTGATG,nadA
nadA_785,TTTGTAGAAAATACCCCGAT,nadA
nadA_823,GCTTCCAGTAACTCTTTATC,nadA
nadA_847,GTTGCACCCTCACCTGCGGT,nadA
nadA_851,GCAGGTTGCACCCTCACCTG,nadA
nadA_869,ACAATGCGCGCAGCTGCGGC,nadA
nadA_873,ACGGACAATGCGCGCAGCTG,nadA
nadA_892,AGGCCATTCATGGCCATCCA,nadA
nadA_902,GATGGCCTGAAGGCCATTCA,nadA
nadR_18,GTTGCTTGATGGCAGTTTTC,nadR
nadR_29,CGTGCAGCCCTGTTGCTTGA,nadR
nadR_71,ATACCCTTTGGTCATACCGC,nadR
nadR_83,TAACTGGCTTAAATACCCTT,nadR
nadR_99,TGATTTTGGCATTCAGTAAC,nadR
nadR_113,CGCGCTGGGGCTTTTGATTT,nadR
nadR_126,CCTCCAGCTTTTGCGCGCTG,nadR
nadR_127,GCCTCCAGCTTTTGCGCGCT,nadR
nadR_128,CGCCTCCAGCTTTTGCGCGC,nadR
nadR_156,GAAACTCAAGCCCCAAAAAA,nadR
nadR_178,CCGATCGTTTTCTTCTGCCG,nadR
nadR_180,CACCGATCGTTTTCTTCTGC,nadR
nadR_222,AGATATGTCCGGTATGCAGT,nadR
nadR_223,TAGATATGTCCGGTATGCAG,nadR
nadR_233,CTGGATAAGGTAGATATGTC,nadR
nadR_246,GGCTACAGGCGCGCTGGATA,nadR
nadR_252,CAACCTGGCTACAGGCGCGC,nadR
nadR_260,CAGCTCGTCAACCTGGCTAC,nadR
nadR_267,TGATATGCAGCTCGTCAACC,nadR
nadR_308,TTCGAACAACGCGCGGTCAC,nadR
nadR_309,CTTCGAACAACGCGCGGTCA,nadR
nadR_315,CACTGTCTTCGAACAACGCG,nadR
nadR_338,CACGGTCGGCTGCTGCGACA,nadR
nadR_352,CGCAGACGATCCGGCACGGT,nadR
nadR_356,CCAACGCAGACGATCCGGCA,nadR
nadR_361,AATAACCAACGCAGACGATC,nadR
nadR_445,ACATCCCAGCCGTGCGGATA,nadR
nadR_451,CTCCACACATCCCAGCCGTG,nadR
nadR_510,AGGTGTAGATCAGATCCGGC,nadR
nadR_514,TCCGAGGTGTAGATCAGATC,nadR
nadR_530,TGGCGCATCGGCTTCTTCCG,nadR
nadR_542,TTCCATATACTGTGGCGCAT,nadR
nadR_550,CCCAGATGTTCCATATACTG,nadR
nadR_595,ATACTCATAAAGGTACGTTT,nadR
nadR_605,CGCACCGCTGATACTCATAA,nadR
nadR_633,AGTAGCGGAACGGGTTTTCG,nadR
nadR_642,TATATTCCCAGTAGCGGAAC,nadR
nadR_643,ATATATTCCCAGTAGCGGAA,nadR
nadR_648,TAGGAATATATTCCCAGTAG,nadR
nadR_667,AAAAACGGCTTCACTTCGGT,nadR
nadR_671,CACAAAAAACGGCTTCACTT,nadR
nadR_682,GCCACGGTACGCACAAAAAA,nadR
nadR_698,CTCGCCGCCAAGGATCGCCA,nadR
nadR_708,TACCGCTCGACTCGCCGCCA,nadR
nadR_734,GGCAAGTTTGTTTACCAGGG,nadR
nadR_737,ATTGGCAAGTTTGTTTACCA,nadR
nadR_738,TATTGGCAAGTTTGTTTACC,nadR
nadR_755,ACTGGTGGTGTTGAAGATAT,nadR
nadR_770,GCCATATTCCCACGCACTGG,nadR
nadR_773,GCGGCCATATTCCCACGCAC,nadR
radA_13,TTACAAACAAAGGCGCGTTT,radA
radA_23,CCCGCATTCATTACAAACAA,radA
radA_47,CCCCTGCCAGCGCGGATAAT,radA
radA_80,GATGGTGTTCCAGGCATGAC,radA
radA_89,CACCTCGGTGATGGTGTTCC,radA
radA_98,AGCAAGACGCACCTCGGTGA,radA
radA_104,CGACGCAGCAAGACGCACCT,radA
radA_127,CGCTCGTTACGCGCCACCAT,radA
radA_164,TTTTGCCACCCCGGCGCTAC,radA
radA_173,TTTCTGGACTTTTGCCACCC,radA
radA_189,GGCTGATATCGGAGAGTTTC,radA
radA_200,CAGCTCTTCAAGGCTGATAT,radA
radA_210,AAAAACGCGGCAGCTCTTCA,radA
radA_223,TTAAATCCGGTGGAAAAACG,radA
radA_233,GTCGAACTCTTTAAATCCGG,radA
radA_236,GCGGTCGAACTCTTTAAATC,radA
radA_280,CCAATCAGAATGGCACTTCC,radA
radA_290,AGGGTTACCGCCAATCAGAA,radA
radA_309,GCGTGGATTTCCCCGCACCA,radA
radA_310,AGCGTGGATTTCCCCGCACC,radA
radA_326,CAGCGTTTGCAGTAGCAGCG,radA
radA_359,ATACAGCGTTTTCATCTGCT,radA
radA_360,CATACAGCGTTTTCATCTGC,radA
radA_386,CTGTTGCAGCGACTCTTCGC,radA
radA_429,GATTGTCAGTCGGCAGGCCA,radA
radA_435,TATTGAGATTGTCAGTCGGC,radA
radA_439,AACATATTGAGATTGTCAGT,radA
radA_470,CAGGCAGATCTGTTCGATGC,radA
radA_489,GTTGCTCTTCTTCGGCAATC,radA
radA_497,CAGCTTCGGTTGCTCTTCTT,radA
radA_511,GAGTCAATTACCATCAGCTT,radA
radA_537,CATCCGCCATATGCATCACC,radA
radA_571,CGCACCTGCGCCACGCTACC,radA
radA_623,AATCGCCACACCGCGCGTTT,radA
radA_665,GCCAGCCAGCGAACCATCTT,radA
radA_687,TACAGTGTTCCAGCACTTTC,radA
radA_688,ATACAGTGTTCCAGCACTTT,radA
radA_740,CAAGGTGCGAAAACGGGAGT,radA
radA_746,GCTGCGCAAGGTGCGAAAAC,radA
radA_747,GGCTGCGCAAGGTGCGAAAA,radA
radA_758,GCGGTTTTTATGGCTGCGCA,radA
radA_768,CCGCGCCGAAGCGGTTTTTA,radA
radA_777,GCTCATTCACCGCGCCGAAG,radA
radA_818,GACTTCACGCAGCCCCTGTT,radA
radA_846,GACTTAAGAAAATTGCCGAA,radA
radA_884,CACCATCACTGAGCTACCGG,radA
radA_887,TACCACCATCACTGAGCTAC,radA
radA_925,GCCTGAATCTCCACCAGCAG,radA
radA_981,GTTCCAGCCCCACTGCCACG,radA
radA_1008,CAGCCAGCAGGATTGCCAGA,radA
tyrA_17,ATCAATTTGATCGCGTAATG,tyrA
tyrA_114,CATAAATAGGCAGTCCAAAG,tyrA
tyrA_127,TCGCGCTCCGGAACATAAAT,tyrA
tyrA_139,AACATAGATGCCTCGCGCTC,tyrA
tyrA_164,TTCCGCCTCTGCACGACGCG,tyrA
tyrA_199,ACATCCTCAATCAGATCTGG,tyrA
tyrA_202,AAAACATCCTCAATCAGATC,tyrA
tyrA_251,AAATCCTTTGTCGTTTTCAC,tyrA
tyrA_286,ATAACCACCGGACGCAGTGA,tyrA
tyrA_298,CCACCGCCGACGATAACCAC,tyrA
tyrA_336,GGGTCAGCATCTTCTCGAAC,tyrA
tyrA_356,CCGCACCTGATAACCCGAGA,tyrA
tyrA_357,TCCGCACCTGATAACCCGAG,tyrA
tyrA_428,CACACTAACAATCACCATTC,tyrA
tyrA_451,ACTTGCTCAGTAACGTGGAT,tyrA
tyrA_456,CAATAACTTGCTCAGTAACG,tyrA
tyrA_487,ATACAATCTTTCGGTAAAGG,tyrA
tyrA_490,AGAATACAATCTTTCGGTAA,tyrA
tyrA_496,TCGACCAGAATACAATCTTT,tyrA
tyrA_541,GCCACCAGCATGGCCTGTAA,tyrA
tyrA_574,ATCGGGTGTAGCCCCAGCAC,tyrA
tyrA_591,CGCTGTCCGGACCGAACATC,tyrA
tyrA_592,CCGCTGTCCGGACCGAACAT,tyrA
tyrA_604,TTTGCCAGGCTACCGCTGTC,tyrA
tyrA_618,AGACCACAACTTGCTTTGCC,tyrA
tyrA_658,AGAAACCATTGGTATGCTTC,tyrA
tyrA_669,GAATTTGCTCCAGAAACCAT,tyrA
tyrA_725,CATATTCTGATCGTGCTCGA,tyrA
tyrA_768,CGTAAGCAAAAGTAGCAAAG,tyrA
tyrA_847,GCCAGCTCAAGGCGGTAAAT,tyrA
tyrA_855,CGACCATCGCCAGCTCAAGG,tyrA
tyrA_898,ATGATGTCGGCATAAAGCTG,tyrA
tyrA_911,CTCTGACGACATAATGATGT,tyrA
tyrA_1029,CGAACCAGTGCTCCACCTTG,tyrA
tyrA_1083,TCGCCTGACGCAATAACACG,tyrA
aroF_35,AGTCATTAAAACCTGTTCGT,aroF
aroF_58,AAAGCGGCCTTCAGTTGTTC,aroF
aroF_74,TTGCAGGCTCAATGGAAAAG,aroF
aroF_82,GCTTCTTGTTGCAGGCTCAA,aroF
aroF_90,CAATCTGGGCTTCTTGTTGC,aroF
aroF_104,TTTACGCGAGTCAGCAATCT,aroF
aroF_105,TTTTACGCGAGTCAGCAATC,aroF
aroF_146,CAGCAGACGAGGATCGCGCC,aroF
aroF_157,CCACATACTACCAGCAGACG,aroF
aroF_181,TCCGGATCATGAATGGAACA,aroF
aroF_188,AGCAGTTTCCGGATCATGAA,aroF
aroF_199,GCATATTCCAGAGCAGTTTC,aroF
aroF_236,ATCGCTGACCTCTGCGGCAA,aroF
aroF_237,TATCGCTGACCTCTGCGGCA,aroF
aroF_242,GAGGCTATCGCTGACCTCTG,aroF
aroF_261,AGACGCGCATTACCAGATAG,aroF
aroF_296,TTTCCAGCCGACAGTGGTAC,aroF
aroF_297,CTTTCCAGCCGACAGTGGTA,aroF
aroF_302,TAACCCTTTCCAGCCGACAG,aroF
aroF_334,TCAAAAGAGCCATCCATATG,aroF
aroF_335,ATCAAAAGAGCCATCCATAT,aroF
aroF_336,CATCAAAAGAGCCATCCATA,aroF
aroF_365,TTTACGCGCGATCTGCAGCC,aroF
aroF_418,TCTAACGCTTCCGTCGCCAG,aroF
aroF_442,CCCAGGTATTGCGGGCTATT,aroF
aroF_450,ACAGATCGCCCAGGTATTGC,aroF
aroF_451,AACAGATCGCCCAGGTATTG,aroF
aroF_459,ACCAGCTAAACAGATCGCCC,aroF
aroF_519,AAAGCCCGGAGGCCATTTCA,aroF
aroF_530,AACCGGCATGGAAAGCCCGG,aroF
aroF_533,ACCAACCGGCATGGAAAGCC,aroF
aroF_542,GTTTTTAAAACCAACCGGCA,aroF
aroF_547,GTGCCGTTTTTAAAACCAAC,aroF
aroF_569,TGCTGTTGCCAGACTGCCGT,aroF
aroF_608,AAAACGGTGCGGCTGGGCGG,aroF
aroF_611,AACAAAACGGTGCGGCTGGG,aroF
aroF_614,GCCAACAAAACGGTGCGGCT,aroF
aroF_615,TGCCAACAAAACGGTGCGGC,aroF
aroF_619,TTAATGCCAACAAAACGGTG,aroF
aroF_624,CCTGGTTAATGCCAACAAAA,aroF
aroF_642,GCAACGCAACCTGCCCTGCC,aroF
aroF_682,CGCAGGATCACATGGCCGTC,aroF
aroF_690,TACCACCGCGCAGGATCACA,aroF
aroF_699,TCGGCGCTTTACCACCGCGC,aroF
aroF_718,ACATCCGCAGGGCTATAGTT,aroF
aroF_729,CACATTGCGCAACATCCGCA,aroF
aroF_730,TCACATTGCGCAACATCCGC,aroF
aroF_780,TGCAATCTACCATCAGAGAC,aroF
aroF_781,CTGCAATCTACCATCAGAGA,aroF
aroF_804,AATCTTTATTGGAATTACCG,aroF
cysG_13,TCGCGTAATTGGCAAAATAT,cysG
cysG_24,GACAGTCGCGATCGCGTAAT,cysG
cysG_139,TCTGCCCATGCGGTGAACTG,cysG
cysG_149,CATGCCTGCATCTGCCCATG,cysG
cysG_176,ATCAAATGGCCCTTCGACGA,cysG
cysG_177,CATCAAATGGCCCTTCGACG,cysG
cysG_190,TCGAGAAGGCTTTCATCAAA,cysG
cysG_204,CCAGCCAGCAGGTGTCGAGA,cysG
cysG_215,CGCTGCAATCGCCAGCCAGC,cysG
cysG_258,CAGCGGCTTCGCTGACGCGC,cysG
cysG_275,GAAGATGCGACGAGCTTCAG,cysG
cysG_316,ATAATAAAGCTGGCGGCTTT,cysG
cysG_323,CGACGGCATAATAAAGCTGG,cysG
cysG_326,AATCGACGGCATAATAAAGC,cysG
cysG_340,GGTGAGCGGTCAATAATCGA,cysG
cysG_354,CCGCTACCATGAGCGGTGAG,cysG
cysG_361,GAGGAGACCGCTACCATGAG,cysG
cysG_380,AACCGGAGAGGTGCCGCCAG,cysG
cysG_392,CAGGCGTGCCAGAACCGGAG,cysG
cysG_397,CGCAACAGGCGTGCCAGAAC,cysG
cysG_411,ATTCAAGTTTTTCGCGCAAC,cysG
cysG_442,GCTACCTGGCCCAGATGTAA,cysG
cysG_456,GCCCGGCGTATTTCGCTACC,cysG
cysG_473,CACTCGCCCGCGTAATTGCC,cysG
cysG_509,ACGGCGACGCTCACCCATCG,cysG
cysG_528,CGAACAATTTCTCCCAGAAA,cysG
cysG_558,TTGCCAGCGACTGCGCCAGG,cysG
cysG_596,CTGTTCGGTCGTTTCAGTAA,cysG
cysG_611,CGGTTCGTTGATTAACTGTT,cysG
cysG_631,ACTTCACCGCGATGGTCGAG,cysG
cysG_639,CCAGCACCACTTCACCGCGA,cysG
cysG_683,TCCTTTCAGTGTCAGCAGCC,cysG
cysG_744,TAATATCGTCAGAAACCAGA,cysG
cysG_780,CGAAAACACGGTCCGCATCG,cysG
cysG_792,CGCGTTTGCCGACGAAAACA,cysG
cysG_822,TCTCTTCCTGGGGTACGCAG,cysG
cysG_832,ATCTGGTTAATCTCTTCCTG,cysG
cysG_833,GATCTGGTTAATCTCTTCCT,cysG
cysG_834,GGATCTGGTTAATCTCTTCC,cysG
cysG_849,GCGCTTCCCGCAGCAGGATC,cysG
cysG_855,CTTTTTGCGCTTCCCGCAGC,cysG
cysG_910,CCACCACGGCCAAAAATAAA,cysG
cysG_924,TTTCCAGCTCTTCGCCACCA,cysG
cysG_967,ATACCCGGAACCACCGAGAA,cysG
cysG_982,CCAGAAGCTGCGGTAATACC,cysG
cysG_992,GGCAGAGCAACCAGAAGCTG,cysG
cysG_1013,CGTGAGTGGAATACCCGAAT,cysG
cysG_1027,GCATAATCGCGATGCGTGAG,cysG
cysG_1049,GGTAATTAAGCGTACGCTCT,cysG
cysG_1050,CGGTAATTAAGCGTACGCTC,cysG
pabA_6,AATCGTAGTTATCTATAAGC,pabA
pabA_35,AAAGTACTGGTAGAGGTTCC,pabA
pabA_42,GTTCACAAAAGTACTGGTAG,pabA
pabA_48,CCCCCAGTTCACAAAAGTAC,pabA
pabA_122,GACAATTTTTTGTGGTTTAA,pabA
pabA_123,TGACAATTTTTTGTGGTTTA,pabA
pabA_130,GGTGAGATGACAATTTTTTG,pabA
pabA_151,TCATCTGGCGTACAGGGGCC,pabA
pabA_156,CGGCTTCATCTGGCGTACAG,pabA
pabA_157,CCGGCTTCATCTGGCGTACA,pabA
pabA_158,CCCGGCTTCATCTGGCGTAC,pabA
pabA_166,AGGGAGATCCCGGCTTCATC,pabA
pabA_176,AATAACGTCAAGGGAGATCC,pabA
pabA_185,ATAGTGGCGAATAACGTCAA,pabA
pabA_186,CATAGTGGCGAATAACGTCA,pabA
pabA_209,GCCAAGAATCGGCAAGCGCC,pabA
pabA_220,CCGAGGCAGACGCCAAGAAT,pabA
pabA_237,GCGCCATTGCCTGATGACCG,pabA
pabA_287,TTTGCCGTGCATGACCTTTG,pabA
pabA_311,ACCGTTATGTGTAATCGGCG,pabA
pabA_316,CCCTCACCGTTATGTGTAAT,pabA
pabA_361,TGGTAGCGTGTCACGGTAAG,pabA
pabA_368,CAGCGAATGGTAGCGTGTCA,pabA
pabA_400,AAGCACGCTGGTAATGAGTC,pabA
pabA_412,GCCGTCACGTCAAAGCACGC,pabA
pabA_434,AATCTCTCGGGTTTCGCTCC,pabA
pabA_446,GCGAATCCCCATAATCTCTC,pabA
pabA_447,GGCGAATCCCCATAATCTCT,pabA
pabA_468,CTTCCAGATCCCACTGGCGA,pabA
pabA_501,CGCTAAGAATACTTTCTGGA,pabA
pabA_505,TGTTCGCTAAGAATACTTTC,pabA
serB_4,AGGTCGCACCAGGTAATGTT,serB
serB_14,ATCTTCAGGCAGGTCGCACC,serB
serB_24,ATAAAGAGACATCTTCAGGC,serB
serB_28,GGCCATAAAGAGACATCTTC,serB
serB_49,CTTAATGAAAGAGGCAGACC,serB
serB_58,TCATCACCACTTAATGAAAG,serB
serB_88,CGACCTGCGTGGTAATCCAG,serB
serB_99,GCCAGCCGCTACGACCTGCG,serB
serB_158,ACCCAGTTTGCTCTGGTATT,serB
serB_159,CACCCAGTTTGCTCTGGTAT,serB
serB_165,TCGCCGCACCCAGTTTGCTC,serB
serB_200,ATAATCTTCCACGCACCAGG,serB
serB_203,CTGATAATCTTCCACGCACC,serB
serB_267,CCAGCTGCGCTTCGTGGGCC,serB
serB_272,GACATCCAGCTGCGCTTCGT,serB
serB_273,CGACATCCAGCTGCGCTTCG,serB
serB_296,GTGCGGGATTTTCCCCAGCG,serB
serB_313,AAACCCGGCGTGCGCAGGTG,serB
serB_318,CCAGCAAACCCGGCGTGCGC,serB
serB_328,ATATCCATCACCAGCAAACC,serB
serB_356,ACATTCAATCTGGATGGCGG,serB
serB_359,AATACATTCAATCTGGATGG,serB
serB_362,ATCAATACATTCAATCTGGA,serB
serB_366,TTTCATCAATACATTCAATC,serB
serB_392,CTCGCCCGTTCCGGCCAGTT,serB
serB_401,CGCCACCATCTCGCCCGTTC,serB
serB_431,TTCGCCGCGCATCGCCCGTT,serB
serB_480,CGCCTTTCAGCGTCGCCACA,serB
serB_509,ACGCACCTGTTGCAGAATAT,serB
serB_541,TGCGTTAAGCCTGGCATCAG,serB
serB_550,AGCACCAGTTGCGTTAAGCC,serB
serB_608,AAAGAAAGTAAAGCCGCCGG,serB
serB_611,AGCAAAGAAAGTAAAGCCGC,serB
serB_639,TCAGGCGCAGCTTGTCGCGC,serB
serB_657,CATTGGCTACCACGGCGGTC,serB
serB_662,CAGTTCATTGGCTACCACGG,serB
serB_665,CTCCAGTTCATTGGCTACCA,serB
serB_674,GTCCATGATCTCCAGTTCAT,serB
serB_707,GATGTCGCCGATCACATTGC,serB
serB_765,GGATTTCATACTCCTGCGCG,serB
serB_787,ATCGCCACGGTCTGCGCCAG,serB
serB_800,GGCTCCATCGCCAATCGCCA,serB
serB_821,TTTGATCATCGGCAGGTCAT,serB
serB_828,CTGCCGCTTTGATCATCGGC,serB
serB_832,AGCCCTGCCGCTTTGATCAT,serB
serB_863,CACTTTTGGCTTGGCATGGT,serB
serB_867,CATTCACTTTTGGCTTGGCA,serB
serB_872,CTTTTCATTCACTTTTGGCT,serB
serB_877,TCCGCCTTTTCATTCACTTT,serB
serB_905,CATCAGGTCAGCGTGACGGA,serB
agaV_4,ATCCGGCTTAAAACAATATT,agaV
agaV_21,GAATCAAGCGTTCATCAATC,agaV
agaV_101,ATCTTCGGCAACCTCATCGT,agaV
agaV_116,GTTTTGTTGTACCGGATCTT,agaV
agaV_124,TCCATCAGGTTTTGTTGTAC,agaV
agaV_138,CTGCCAGTACCATTTCCATC,agaV
agaV_170,TTGCAGCGTCCAGAAACGTA,agaV
agaV_218,CAGGATTTTCTGTCGATCGG,agaV
agaV_221,CAGCAGGATTTTCTGTCGAT,agaV
agaV_237,CGGGTGTTTTACAAACCAGC,agaV
agaV_256,ACCAGCGTCAGGAAATCGGC,agaV
agaV_257,CACCAGCGTCAGGAAATCGG,agaV
agaV_260,TTTCACCAGCGTCAGGAAAT,agaV
agaV_267,CGCCACCTTTCACCAGCGTC,agaV
agaV_292,CCAACGTTAATGCGATTCAC,agaV
agaV_329,GGCGATTTGTTGTTTGCCAT,agaV
agaV_350,CGCATCCACAGAAACCGTTT,agaV
agaV_396,ATTCCACCCCAGCGGTTTTC,agaV
agaV_404,AACGAAGCATTCCACCCCAG,agaV
agaV_435,GGTCCACAGCAGGCTCTGTC,agaV
agaV_436,AGGTCCACAGCAGGCTCTGT,agaV
agaV_445,AATTTAAAGAGGTCCACAGC,agaV
glnL_19,TTGAGGATCTGCCCAGCATC,glnL
glnL_20,GTTGAGGATCTGCCCAGCAT,glnL
glnL_36,TACTGTTAATCAGCGAGTTG,glnL
glnL_78,GGTTGGCGTAATGGATCGCC,glnL
glnL_87,GCGCGGCAGGGTTGGCGTAA,glnL
glnL_95,CAGTTGTTGCGCGGCAGGGT,glnL
glnL_99,CGAGCAGTTGTTGCGCGGCA,glnL
glnL_100,GCGAGCAGTTGTTGCGCGGC,glnL
glnL_104,TTGGGCGAGCAGTTGTTGCG,glnL
glnL_122,AAACAATTTGCGGGAGCTTT,glnL
glnL_123,CAAACAATTTGCGGGAGCTT,glnL
glnL_131,CGGTGTACCAAACAATTTGC,glnL
glnL_132,ACGGTGTACCAAACAATTTG,glnL
glnL_151,TAGCTCAACAGTTCCGGTAA,glnL
glnL_157,GAGAAGTAGCTCAACAGTTC,glnL
glnL_230,GACCAGCGTCACTTCGTTAT,glnL
glnL_273,TACGCTGGGCCGTCACAGAA,glnL
glnL_287,CATGCCGTCCGGCATACGCT,glnL
glnL_288,TCATGCCGTCCGGCATACGC,glnL
glnL_298,TCCAGCAGGATCATGCCGTC,glnL
glnL_312,CCATCGGAGCCATCTCCAGC,glnL
glnL_328,AAGCGGCGCTGGTTATCCAT,glnL
glnL_339,GTTCCTGACTTAAGCGGCGC,glnL
glnL_345,GTAGCTGTTCCTGACTTAAG,glnL
glnL_374,ATCACGGGCAGCAACCTGCT,glnL
glnL_375,AATCACGGGCAGCAACCTGC,glnL
glnL_389,CAGGCCGCGCACTAAATCAC,glnL
glnL_390,CCAGGCCGCGCACTAAATCA,glnL
glnL_408,GATTTTTAATCTCATGTGCC,glnL
glnL_430,GCGCCACGTAAACCGCCAAG,glnL
glnL_478,TATTCGAGTAGTGATGGGTC,glnL
glnL_483,TGGTATATTCGAGTAGTGAT,glnL
glnL_484,TTGGTATATTCGAGTAGTGA,glnL
glnL_503,CGCCTGTTCGATAATCACTT,glnL
glnL_528,GGTCGACCAGATTTCGCAGC,glnL
glnL_549,GCAGCTGCGGCCCCAACAGA,glnL
glnL_571,CTTTCGGTAACGCGCGTACC,glnL
glnL_572,ACTTTCGGTAACGCGCGTAC,glnL
glnL_587,AGCCACTTTGTGAATACTTT,glnL
glnL_643,CGAATCAACCGCACGTTGTC,glnL
glnL_676,TGCGCCAGTTCCGGTAGGCT,glnL
glnL_677,GTGCGCCAGTTCCGGTAGGC,glnL
glnL_681,GGTCGTGCGCCAGTTCCGGT,glnL
glnL_685,TCCGGGTCGTGCGCCAGTTC,glnL
glnL_702,AGACCTGTTCAATTTGATCC,glnL
glnL_703,AAGACCTGTTCAATTTGATC,glnL
glnL_763,AGAATGATTTCACCGCCTTC,glnL
glnL_791,GGTCAGTTGAAACGCGGTGC,glnL
glnL_792,AGGTCAGTTGAAACGCGGTG,glnL
glnL_797,GTGTAAGGTCAGTTGAAACG,glnL
glnA_5,CATCGTCAGTACGTGTTCAG,glnA
glnA_68,CTGTTCTTTACCTTTAGTAT,glnA
glnA_102,CAGCATTCACCTGATGAGCA,glnA
glnA_103,TCAGCATTCACCTGATGAGC,glnA
glnA_158,GCCTTTCCAGCCGCCAATCG,glnA
glnA_191,GTCTGGCATCAGCACCATGT,glnA
glnA_208,ATCACTGCGGTGGATGCGTC,glnA
glnA_218,GAACGGGTCAATCACTGCGG,glnA
glnA_221,GAAGAACGGGTCAATCACTG,glnA
glnA_234,GGGTGGAGTCGGCGAAGAAC,glnA
glnA_235,AGGGTGGAGTCGGCGAAGAA,glnA
glnA_245,ACGGATAATCAGGGTGGAGT,glnA
glnA_251,GTCGCAACGGATAATCAGGG,glnA
glnA_254,GATGTCGCAACGGATAATCA,glnA
glnA_264,CAGGTTCAAGGATGTCGCAA,glnA
glnA_276,CTTGCAGGGTGCCAGGTTCA,glnA
glnA_283,TCATAGCCTTGCAGGGTGCC,glnA
glnA_290,GTCACGGTCATAGCCTTGCA,glnA
glnA_291,GGTCACGGTCATAGCCTTGC,glnA
glnA_306,TCGCAATGGAGCGCGGGTCA,glnA
glnA_312,CGCGCTTCGCAATGGAGCGC,glnA
glnA_313,GCGCGCTTCGCAATGGAGCG,glnA
glnA_320,ATCTTCGGCGCGCTTCGCAA,glnA
glnA_335,AGTGGAACGCAGGTAATCTT,glnA
glnA_345,CGGCAATGCCAGTGGAACGC,glnA
glnA_353,TACGGTGTCGGCAATGCCAG,glnA
glnA_365,TGGCCCGAACAGTACGGTGT,glnA
glnA_371,AGGTTCTGGCCCGAACAGTA,glnA
glnA_385,AACAGGAAGAATTCAGGTTC,glnA
glnA_391,TCATCGAACAGGAAGAATTC,glnA
glnA_402,CGAAACGGATGTCATCGAAC,glnA
glnA_417,CGGAGATAGATGATCCGAAA,glnA
glnA_437,GTCGATAGCAACGTGGGAAC,glnA
glnA_443,GATATCGTCGATAGCAACGT,glnA
glnA_444,CGATATCGTCGATAGCAACG,glnA
glnA_482,ACCACCTTCGTATTGGGTGG,glnA
glnA_485,GTTACCACCTTCGTATTGGG,glnA
glnA_488,TTTGTTACCACCTTCGTATT,glnA
glnA_489,CTTTGTTACCACCTTCGTAT,glnA
glnA_516,AACCGCCTTTCACTGCCGGA,glnA
glnA_520,AAGTAACCGCCTTTCACTGC,glnA
glnA_543,CCGAGTCTACCGGTGGAACC,glnA
glnA_544,GCCGAGTCTACCGGTGGAAC,glnA
glnA_550,TCCTGAGCCGAGTCTACCGG,glnA
glnA_553,ATATCCTGAGCCGAGTCTAC,glnA
glnA_626,AGTCGCTACTTCGTGGTGAT,glnA
glnA_627,CAGTCGCTACTTCGTGGTGA,glnA
glnA_633,GACCAGCAGTCGCTACTTCG,glnA
glnA_671,TTTGGTCATGGTATTGAAGC,glnA
glnA_672,TTTTGGTCATGGTATTGAAG,glnA
glnG_41,ACGTTCAAGCACCCAACGGA,glnG
glnG_45,GCGCACGTTCAAGCACCCAA,glnG
glnG_86,GCCGTTCTCAAACGTCGTAC,glnG
glnG_142,ATATCTGAAAGCAGCACATC,glnG
glnG_165,GCCCGTCCATTCCCGGCATA,glnG
glnG_172,AGCGCCAGCCCGTCCATTCC,glnG
glnG_216,TGATGACCGGAAGCATTGGA,glnG
glnG_220,ATAATGATGACCGGAAGCAT,glnG
glnG_229,TGTGCGGTCATAATGATGAC,glnG
glnG_245,AGCATCCAGATCGGAATGTG,glnG
glnG_254,GCTGACGGCAGCATCCAGAT,glnG
glnG_269,CCCTTGTTGATAGGCGCTGA,glnG
glnG_278,ATCAAACGCCCCTTGTTGAT,glnG
glnG_307,TCGTCGATATCAAACGGTTT,glnG
glnG_313,ACTGCTTCGTCGATATCAAA,glnG
glnG_366,TACGCGGCTGCTGCTGTTCC,glnG
glnG_382,CCGTTAAGCTGAACATTACG,glnG
glnG_405,CGCCGATGATATCGGTCGTT,glnG
glnG_406,TCGCCGATGATATCGGTCGT,glnG
glnG_413,TGGCGCTTCGCCGATGATAT,glnG
glnG_433,CGGAACACGTCCTGCATGGC,glnG
glnG_437,AATACGGAACACGTCCTGCA,glnG
glnG_453,GCGAAAGCCGACCGATAATA,glnG
glnG_515,ATGAGCGACCAGTTCTTTAC,glnG
glnG_539,GCGCGGACTGTGGCGATGCA,glnG
glnG_540,CGCGCGGACTGTGGCGATGC,glnG
glnG_549,GCGCTTTGGCGCGCGGACTG,glnG
glnG_556,ATAAACGGCGCTTTGGCGCG,glnG
glnG_571,GCCATATTCAGCGCGATAAA,glnG
glnG_600,CTGATTCGATCAAATCTTTT,glnG
glnG_601,TCTGATTCGATCAAATCTTT,glnG
glnG_633,CAGTAAACGCGCCTTTCTCG,glnG
glnG_665,TTCAAAACGCCCCTGACGAA,glnG
glnG_692,GAGGAATAATGTACCGCCAT,glnG
glnG_733,AAACGCGTCTGCACATCCAG,glnG
glnG_805,ATCCGCACATCCACTTTCAC,glnG
glnG_836,CTGTTCGAGATTCTGGTGAG,glnG
glnG_879,GGCGGTGGAACAGATCCTCA,glnG
glnG_894,CGCGGATAACGTTCAGGCGG,glnG
glnG_897,GAACGCGGATAACGTTCAGG,glnG
glnG_900,GATGAACGCGGATAACGTTC,glnG
glnG_912,GCAGCGGCGGCAGATGAACG,glnG
glnG_955,AAAAAATGGCGCGCCAGACG,glnG
glnG_956,TAAAAAATGGCGCGCCAGAC,glnG
glnG_957,GTAAAAAATGGCGCGCCAGA,glnG
glnG_969,GCGCGGCAACCTGTAAAAAA,glnG
glnG_986,TTCTACGCCCAGTTCGCGCG,glnG
glnG_1024,GTCAGAGCAGCTTCGGTTTC,glnG
glnG_1031,CAGACGCGTCAGAGCAGCTT,glnG
glnG_1092,CGGCCATCACCGTTAGCCAG,glnG
pyrI_57,AACCGATCTGGGCGGGGATA,pyrI
pyrI_63,GCTTAAAACCGATCTGGGCG,pyrI
pyrI_64,AGCTTAAAACCGATCTGGGC,pyrI
pyrI_65,CAGCTTAAAACCGATCTGGG,pyrI
pyrI_68,CAACAGCTTAAAACCGATCT,pyrI
pyrI_69,TCAACAGCTTAAAACCGATC,pyrI
pyrI_107,GGTGATGCGCTGATCCGTTT,pyrI
pyrI_128,AGAAGGCAGGTTCAGACCAA,pyrI
pyrI_141,GGCCCATCTCGCCAGAAGGC,pyrI
pyrI_145,TTGCGGCCCATCTCGCCAGA,pyrI
pyrI_162,CGATTTTGATCAGATCTTTG,pyrI
pyrI_191,TACTTGATCTTCACTCAAAA,pyrI
pyrI_235,ATACGGTTAACCGTGGCTTG,pyrI
pyrI_242,GTTGTCGATACGGTTAACCG,pyrI
pyrI_252,CCACTTCATAGTTGTCGATA,pyrI
pyrI_288,CGATGCGCTCCGGCAGACTT,pyrI
pyrI_289,TCGATGCGCTCCGGCAGACT,pyrI
pyrI_298,AGCACATTGTCGATGCGCTC,pyrI
pyrI_327,GGCTGATACAGTTGCTGTTC,pyrI
pyrI_328,TGGCTGATACAGTTGCTGTT,pyrI
pyrI_348,TGGATGAAACCGGTTCGGCA,pyrI
pyrI_353,AAAGCTGGATGAAACCGGTT,pyrI
pyrI_358,ACGGCAAAGCTGGATGAAAC,pyrI
pyrI_377,ATCATTGGCGCGTTTTCGCA,pyrI
pyrI_392,GCATTTGAGCGCGATATCAT,pyrI
pyrI_437,ATTGGCCAGCACCACATTAT,pyrI
pyrI_438,AATTGGCCAGCACCACATTA,pyrI
pyrB_10,ATGATATGTTTCTGATATAG,pyrB
pyrB_35,ATCGCGACTAAGGTCGTTTA,pyrB
pyrB_45,GATTAAGGTCATCGCGACTA,pyrB
pyrB_60,CTGTCGCCAGCACCAGATTA,pyrB
pyrB_102,GCTTCAACAGCTCTGGTTGC,pyrB
pyrB_103,TGCTTCAACAGCTCTGGTTG,pyrB
pyrB_109,ACTTTGTGCTTCAACAGCTC,pyrB
pyrB_137,AGAGGCTTCGAAGAAACAGC,pyrB
pyrB_155,AGAGAGGCGGGTACGGGTAG,pyrB
pyrB_161,TTCGAAAGAGAGGCGGGTAC,pyrB
pyrB_162,TTTCGAAAGAGAGGCGGGTA,pyrB
pyrB_167,AGATGTTTCGAAAGAGAGGC,pyrB
pyrB_168,TAGATGTTTCGAAAGAGAGG,pyrB
pyrB_171,GCATAGATGTTTCGAAAGAG,pyrB
pyrB_206,GTCGGAGAAGCCCACCACGC,pyrB
pyrB_224,CAGTGATGTATTGGCGCTGT,pyrB
pyrB_233,CTTTTTACCCAGTGATGTAT,pyrB
pyrB_269,GCTGATAACCGAAATGGTAT,pyrB
pyrB_275,GTAAGTGCTGATAACCGAAA,pyrB
pyrB_347,TACATTGCCGGAAAACTCGG,pyrB
pyrB_350,CGGTACATTGCCGGAAAACT,pyrB
pyrB_359,ATTCAGTACCGGTACATTGC,pyrB
pyrB_370,CCATCACCGGCATTCAGTAC,pyrB
pyrB_383,ATGTTGGTTGGAGCCATCAC,pyrB
pyrB_395,GGTTTGCGTCGGATGTTGGT,pyrB
pyrB_399,GCAAGGTTTGCGTCGGATGT,pyrB
pyrB_406,AAGTCCAGCAAGGTTTGCGT,pyrB
pyrB_416,AATAGTGAATAAGTCCAGCA,pyrB
pyrB_446,GAGATTGTCCAGACGCCCCT,pyrB
pyrB_447,GGAGATTGTCCAGACGCCCC,pyrB
pyrB_468,GGTCACCAACCATTGCGACG,pyrB
pyrB_489,GAACGGTGCGGCCATATTTC,pyrB
pyrB_501,GAGTCAGGGAGTGAACGGTG,pyrB
pyrB_506,CGCCTGAGTCAGGGAGTGAA,pyrB
pyrB_515,CTTCGCTAACGCCTGAGTCA,pyrB
pyrB_516,ACTTCGCTAACGCCTGAGTC,pyrB
pyrB_549,CCGGCGCGATGAAGTAAAAA,pyrB
pyrB_568,TGCGGCATTGCCAGCGCGTC,pyrB
pyrB_586,AGCATATCCAGAATGTATTG,pyrB
pyrB_675,TTTGCACGCGGGTCATGTAC,pyrB
pyrB_686,CAGACGCTCTTTTTGCACGC,pyrB
pyrB_687,CCAGACGCTCTTTTTGCACG,pyrB
pyrB_711,TCACGTTGGCGTACTCGGAC,pyrB
pyrB_712,TTCACGTTGGCGTACTCGGA,pyrB
pyrB_716,CGCTTTCACGTTGGCGTACT,pyrB
pyrB_725,AACAAACTGCGCTTTCACGT,pyrB
pyrB_765,TCATATTGGCTTTGGCGTTG,pyrB
pyrB_773,CAGCACTTTCATATTGGCTT,pyrB
pyrB_779,CGGATGCAGCACTTTCATAT,pyrB
pyrB_799,ATCTCATCAACACGCGGCAG,pyrB
pnuC_27,CCCCTATTGGTATATGTACC,pnuC
pnuC_40,TCATAACCGCCTGCCCCTAT,pnuC
pnuC_95,AAGGCCAATACACAGCAACC,pnuC
pnuC_114,TGATCTTCTCCAGACTGGCA,pnuC
pnuC_119,GTTGCTGATCTTCTCCAGAC,pnuC
pnuC_153,CAAACAAGGTGACGTTGATC,pnuC
pnuC_167,AAAGAAAATAATGCCAAACA,pnuC
pnuC_206,AAACACCTGTAATAGCAGGC,pnuC
pnuC_210,AGAAAAACACCTGTAATAGC,pnuC
pnuC_236,ATACCAACCGTAAATATTCG,pnuC
pnuC_275,CAACTCCGCCTCGTTCTGAC,pnuC
pnuC_313,CAGCTGAGTGCCTTCGGCAA,pnuC
pnuC_319,GCCAACCAGCTGAGTGCCTT,pnuC
pnuC_385,CGGGTCAAAAATGCAAACAC,pnuC
pnuC_404,CATGATCATGACTGCCACGC,pnuC
pnuC_405,GCATGATCATGACTGCCACG,pnuC
pnuC_466,TCCCAGAACGGGAAAGCGTC,pnuC
pnuC_477,TCATGCATGAATCCCAGAAC,pnuC
pnuC_478,ATCATGCATGAATCCCAGAA,pnuC
pnuC_617,GATGATGTACTCCAGAGACA,pnuC
pnuC_639,CGTTGAGCGCAATAAAGGTC,pnuC
pnuC_644,GCTGCCGTTGAGCGCAATAA,pnuC
pnuC_666,GTGCGCTGTTGATCCACATC,pnuC
panZ_11,AAATTTTTCTAATCGAATGA,panZ
panZ_39,TTTGCAGGTCAATCCGGTCT,panZ
panZ_45,AGATCTTTTGCAGGTCAATC,panZ
panZ_54,ACTCCGGCCAGATCTTTTGC,panZ
panZ_70,AACGAGGAAGGGGAATACTC,panZ
panZ_80,GTCAACCTGTAACGAGGAAG,panZ
panZ_81,CGTCAACCTGTAACGAGGAA,panZ
panZ_82,TCGTCAACCTGTAACGAGGA,panZ
panZ_86,GTTATCGTCAACCTGTAACG,panZ
panZ_108,AACGCGCGGCGTAGATACGG,panZ
panZ_111,TAAAACGCGCGGCGTAGATA,panZ
panZ_122,CAGGCGCTCGTTAAAACGCG,panZ
panZ_141,TTACCCGCACGGCAGCGAGC,panZ
panZ_152,GCCGCTTAAGGTTACCCGCA,panZ
panZ_164,TGCTCCCTCGGTGCCGCTTA,panZ
panZ_176,CAGGGAATCCAGTGCTCCCT,panZ
panZ_194,GGTGACTTCCCGCACGCGCA,panZ
panZ_195,GGGTGACTTCCCGCACGCGC,panZ
panZ_216,ATTGCCCCACACCGCGACGG,panZ
panZ_219,GATATTGCCCCACACCGCGA,panZ
panZ_268,ATCCACCAGCATGAAACGCC,panZ
panD_30,CATGAGTCACTTTCACGCGG,panD
panD_33,CCGCATGAGTCACTTTCACG,panD
panD_57,CGCAAGAACCTTCATAGTGC,panD
panD_80,GTCAAGAAAATCCTGGTCAA,panD
panD_87,CGGCTGCGTCAAGAAAATCC,panD
panD_107,GGCTTCGTTTTCGAGAATAC,panD
panD_128,GGTGACATTCCAGATATCAA,panD
panD_149,AGTGGAGAAACGCTTGCCGT,panD
panD_167,TTCTGCCGCGATGGCATAAG,panD
panD_176,CGAACCGCGTTCTGCCGCGA,panD
panD_227,ATCGCCGACACTGGCGCAGT,panD
panD_228,TATCGCCGACACTGGCGCAG,panD
panD_236,GATGACAATATCGCCGACAC,panD
panD_263,ATCTGGCATGGTAACGAAGC,panD
panD_275,GCGAGCTTCTTCATCTGGCA,panD
panD_280,CAGGTGCGAGCTTCTTCATC,panD
panD_299,ATAGGCGACGTTGGGTCGCC,panD
panD_307,CCTTCAAAATAGGCGACGTT,panD
panD_308,GCCTTCAAAATAGGCGACGT,panD
panD_317,TTCATTGTCGCCTTCAAAAT,panD
proC_47,GGCAATCAGACCGCCGAGAA,proC
proC_68,CCCTGGAAGCACCTGACCGC,proC
proC_85,GTGTATACCCAGATTTGCCC,proC
proC_107,GGCGACTTTATCCGGGGAGG,proC
proC_108,CGGCGACTTTATCCGGGGAG,proC
proC_109,GCGGCGACTTTATCCGGGGA,proC
proC_110,GGCGGCGACTTTATCCGGGG,proC
proC_113,CAGGGCGGCGACTTTATCCG,proC
proC_114,GCAGGGCGGCGACTTTATCC,proC
proC_115,TGCAGGGCGGCGACTTTATC,proC
proC_128,GCCGAACTGGTCATGCAGGG,proC
proC_131,GATGCCGAACTGGTCATGCA,proC
proC_132,TGATGCCGAACTGGTCATGC,proC
proC_141,CTGCGGCGTTGATGCCGAAC,proC
proC_158,CACTTCTTGCGCCGATTCTG,proC
proC_191,AACGGCAGCAAAAATGATGT,proC
proC_209,AATCATGATGCCAGGTTTAA,proC
proC_217,AGCACTTTAATCATGATGCC,proC
proC_254,CAGAGAGTCTTTATTCAGGC,proC
proC_258,CGACCAGAGAGTCTTTATTC,proC
proC_330,CGCGGATAATTTTCCGGTCA,proC
proC_336,GCATGGCGCGGATAATTTTC,proC
proC_348,CGGGAGTGTTCGGCATGGCG,proC
proC_353,CAGTGCGGGAGTGTTCGGCA,proC
proC_358,TTAACCAGTGCGGGAGTGTT,proC
proC_367,ATCCCGGCATTAACCAGTGC,proC
proC_368,CATCCCGGCATTAACCAGTG,proC
proC_383,TGGCGTTACGGAGGTCATCC,proC
proC_392,CAGCGCGTTTGGCGTTACGG,proC
proC_395,TACCAGCGCGTTTGGCGTTA,proC
proC_403,TCTGGGGTTACCAGCGCGTT,proC
proC_419,CACATCAGCGGTATCTTCTG,proC
proC_420,GCACATCAGCGGTATCTTCT,proC
proC_421,AGCACATCAGCGGTATCTTC,proC
proC_453,CTTCCGCTTCGCCAAAGCAG,proC
proC_487,CCGACCACCGGGTGGATCAT,proC
proC_495,CGCTCACACCGACCACCGGG,proC
proC_498,AACCGCTCACACCGACCACC,proC
proC_499,GAACCGCTCACACCGACCAC,proC
proC_526,ATAAACATAAATACGTAGGC,proC
proC_530,TTCGATAAACATAAATACGT,proC
proC_586,AATTTATACGCCTGGGCGCG,proC
proC_593,AGCGGCAAATTTATACGCCT,proC
proC_594,GAGCGGCAAATTTATACGCC,proC
proC_611,GGAACCCATTACCGCCTGAG,proC
proC_632,CGTTTCCAGCACCATTTTTG,proC
proC_664,ACCATATCTTTCAGTGCCCC,proC
proC_694,GCTTCAATGGTGGTGCCTCC,proC
proC_704,TACGCGTACCGCTTCAATGG,proC
proC_707,CAGTACGCGTACCGCTTCAA,proC
icd_22,GTGATCTTCTTGCCTTGTGC,icd
icd_44,GTTGAGTTTGCCGTTTTGCA,icd
icd_45,CGTTGAGTTTGCCGTTTTGC,icd
icd_70,TAAGGGATAATCGGATTTTC,icd
icd_79,CCTTCAATGTAAGGGATAAT,icd
icd_87,TTCCATCACCTTCAATGTAA,icd
icd_88,ATTCCATCACCTTCAATGTA,icd
icd_125,GACCACTTTCAGCATGGCTG,icd
icd_126,CGACCACTTTCAGCATGGCT,icd
icd_127,TCGACCACTTTCAGCATGGC,icd
icd_131,AGCGTCGACCACTTTCAGCA,icd
icd_167,GATTTTACGCTCGCCTTTAT,icd
icd_191,ACCGGTGTAAATTTCCATCC,icd
icd_209,AACCTGTGTGGATTTTTCAC,icd
icd_221,GTCCTGACCATAAACCTGTG,icd
icd_253,ATCAGATCAAGAGTTTCAGC,icd
icd_293,AGTGGTCAGCGGACCTTTAA,icd
icd_304,CCACCAACCGGAGTGGTCAG,icd
icd_311,AATACCGCCACCAACCGGAG,icd
icd_316,GAGCGAATACCGCCACCAAC,icd
icd_350,GAGATCCAGTTCCTGGCGCA,icd
icd_357,AGATGTAGAGATCCAGTTCC,icd
icd_381,GATAGTAACGTACCGGACGC,icd
icd_388,GTGCCCTGATAGTAACGTAC,icd
icd_412,TCAGGGTGTTTAACCGGGCT,icd
icd_417,TCAGTTCAGGGTGTTTAACC,icd
icd_418,GTCAGTTCAGGGTGTTTAAC,icd
icd_429,TAACCATATCGGTCAGTTCA,icd
icd_430,ATAACCATATCGGTCAGTTC,icd
icd_440,TTCACGGAAGATAACCATAT,icd
icd_456,AAATGTCTTCCGAGTTTTCA,icd
icd_509,TTTAATCACTTTCTCGGCGT,icd
icd_515,CAGGAATTTAATCACTTTCT,icd
icd_534,TCACCCCCATCTCTTCACGC,icd
icd_570,TACCGATACCACAATGTTCC,icd
icd_571,ATACCGATACCACAATGTTC,icd
icd_598,TTGGTGCCTTCTTCCGAACA,icd
icd_617,CGCTGCACGAACCAGACGTT,icd
icd_710,CCAGTCTTTAAACGCTCCTT,icd
icd_738,CAAACTCTTCACGCGCCAGC,icd
icd_783,GGTTTTTAACTTTCAGCCAC,icd
icd_784,GGGTTTTTAACTTTCAGCCA,icd
icd_804,CGATCTCTTTGCCAGTGTTC,icd
icd_805,ACGATCTCTTTGCCAGTGTT,icd
icd_855,GACGCAGCAGGATCTGTTGC,icd
icd_867,CATATTCAGCCGGACGCAGC,icd
icd_877,GCGATAACATCATATTCAGC,icd
icd_899,GTCACCGTTCAGGTTCATAC,icd
icd_909,CAGAAATGTAGTCACCGTTC,icd
icd_935,ACCGCCAACCTGCGCTGCCA,icd
metA_4,AGCTCGTCCGGCACACGAAT,metA
metA_16,TTGACGGCGGGTAGCTCGTC,metA
metA_28,TCACGCAAGAAATTGACGGC,metA
metA_29,TTCACGCAAGAAATTGACGG,metA
metA_32,TTCTTCACGCAAGAAATTGA,metA
metA_103,TTAAGGATCAGAACCTTAAG,metA
metA_120,TCTTCTTCGGCATCAGGTTA,metA
metA_133,TTTTCAGTTTCAATCTTCTT,metA
metA_168,GCAAAGGTGAGTTTGAAAGC,metA
metA_184,AGCTGAATATCGACCTGCAA,metA
metA_221,GGGCGTGTTGCGCGATTCAC,metA
metA_222,CGGGCGTGTTGCGCGATTCA,metA
metA_241,AAGTTGTTCAGATGCTCTGC,metA
metA_242,GAAGTTGTTCAGATGCTCTG,metA
metA_325,TTAAACTCCACCAGGCCCAG,metA
metA_333,CGACATCATTAAACTCCACC,metA
metA_364,TCCAGCACCTGTTTGATCTG,metA
metA_407,CCAGCAGACAAACAGCGTCG,metA
metA_440,GCCGTAGAGGATATTGAGCG,metA
metA_453,TTTGCTTAGGAATGCCGTAG,metA
metA_466,TTTTCGGTGCGAGTTTGCTT,metA
metA_482,GTAAACGCCAGAGAGTTTTT,metA
metA_519,GCGTCAGAAGCGCATGAGGA,metA
metA_523,CCACGCGTCAGAAGCGCATG,metA
metA_561,CATAGCGCGAATGCGGTGCC,metA
metA_568,AAGTCAGCATAGCGCGAATG,metA
metA_592,TAATCACGAATCAACGCTGC,metA
metA_617,CTCTGCCAGAATTTCCAGAT,metA
metA_668,GGCAATGCGCTTATCTTTAC,metA
metA_689,TTCGGGATGGCCCGTCACAA,metA
metA_702,TTTGCGCATCATATTCGGGA,metA
metA_706,AGCGTTTGCGCATCATATTC,metA
metA_707,CAGCGTTTGCGCATCATATT,metA
metA_744,CTAGTCCGGCTTCCACATCG,metA
metA_758,CGGTACATCCGGGTCTAGTC,metA
metA_768,AATAGTTATACGGTACATCC,metA
metA_769,AAATAGTTATACGGTACATC,metA
metA_778,TTGTGCGGGAAATAGTTATA,metA
metA_792,TATTTTGCGGATCATTGTGC,metA
metA_793,GTATTTTGCGGATCATTGTG,metA
metA_805,CTCGCTCGCGGTGTATTTTG,metA
metA_817,TGACTACGCCAGCTCGCTCG,metA
metA_857,GACGTAATAGTTGAGCCAGT,metA
metA_882,GTAGATCGTATGGCGTGATC,metA
metA_892,TTCATGTGCCGTAGATCGTA,metA
cysE_44,GTCCGCCAGCGTTCTGGCTT,cysE
cysE_50,CTCACAGTCCGCCAGCGTTC,cysE
cysE_73,TGGTAAAAACTGGCCAGCAT,cysE
cysE_83,TAGCGTCGCGTGGTAAAAAC,cysE
cysE_93,CGTGCTTGAGTAGCGTCGCG,cysE
cysE_120,TGTAGCTCAGTGCACTGCCA,cysE
cysE_166,ATAGCAATAGCAGGCATAAT,cysE
cysE_175,ACTTCACGGATAGCAATAGC,cysE
cysE_189,AGGCTTCTTCCACCACTTCA,cysE
cysE_209,CATTTCCGGGTCAGCGGCGT,cysE
cysE_215,GGCGATCATTTCCGGGTCAG,cysE
cysE_222,CCGCAGAGGCGATCATTTCC,cysE
cysE_223,GCCGCAGAGGCGATCATTTC,cysE
cysE_236,CTGAATATCACAGGCCGCAG,cysE
cysE_269,TTTATCGACTGCCGGGTCGC,cysE
cysE_270,ATTTATCGACTGCCGGGTCG,cysE
cysE_276,TTGAGTATTTATCGACTGCC,cysE
cysE_277,GTTGAGTATTTATCGACTGC,cysE
cysE_299,ACCCTTCAGGTATAACAACG,cysE
cysE_300,AACCCTTCAGGTATAACAAC,cysE
cysE_301,AAACCCTTCAGGTATAACAA,cysE
cysE_312,GCAAGGCATGAAAACCCTTC,cysE
cysE_329,ACCGATGCGATAGGCCTGCA,cysE
cysE_338,CAACCAGTGACCGATGCGAT,cysE
cysE_402,CCTGGAACGTCACAGAAACC,cysE
cysE_420,CTGCCGGGTGAATATCGACC,cysE
cysE_435,CGCGACCAATTTTTGCTGCC,cysE
cysE_436,CCGCGACCAATTTTTGCTGC,cysE
cysE_471,CAACGACGATGCCTGTCGCG,cysE
cysE_573,CTTCACGAATTTTCGGGTGA,cysE
cysE_579,TCACACCTTCACGAATTTTC,cysE
cysE_580,ATCACACCTTCACGAATTTT,cysE
cysE_624,GCCCAACTTCAATATTGCCG,cysE
cysE_671,CGGCACCGGTTGCAGCACCA,cysE
cysE_694,ACGCCAGCGGCGGTGGTATG,cysE
cysE_707,AATACGAGCCGGAACGCCAG,cysE
cysE_718,GGTTTACCGACAATACGAGC,cysE
cysE_739,ATTGATGGCTTATCGCTGTC,cysE
cysE_754,TGCTGGTCCATATCCATTGA,cysE
cysE_792,CATCCCCATACTCAAATGTA,cysE
cysB_48,CCGCTGTTGATGAGACATTC,cysB
cysB_91,CTGACTTGTTTACTGATCCC,cysB
cysB_92,TCTGACTTGTTTACTGATCC,cysB
cysB_149,CGTCAGGTGCTTGCCGCTTC,cysB
cysB_150,GCGTCAGGTGCTTGCCGCTT,cysB
cysB_165,CTGCTGGCGTTACCTGCGTC,cysB
cysB_181,CGAATTATTTCTTGCCCTGC,cysB
cysB_219,TTATGGCATCGACTTTCGAC,cysB
cysB_236,CTCTCCGGCAACCGATTTTA,cysB
cysB_251,ATCCGGCCAGGTGTGCTCTC,cysB
cysB_263,CAGTGAACCTTTATCCGGCC,cysB
cysB_268,ATATACAGTGAACCTTTATC,cysB
cysB_293,GCGTGCCTGGGTATGCGTGG,cysB
cysB_296,GTAGCGTGCCTGGGTATGCG,cysB
cysB_305,TGGTAATGCGTAGCGTGCCT,cysB
cysB_306,TTGGTAATGCGTAGCGTGCC,cysB
cysB_325,ATAAAGCCTTTGATGACGTT,cysB
cysB_358,TGCATATGCAAAGAAACGCG,cysB
cysB_381,CAATTTGTGTCGGCGAGCCC,cysB
cysB_391,ACGGCATCAGCAATTTGTGT,cysB
cysB_410,ATCAGCATTGCCTTTAGAGA,cysB
cysB_443,ATACAGATGCAGCGCTTCTG,cysB
cysB_484,GCCCGATTCCAGTGGTAGCA,cysB
cysB_492,CTACAATAGCCCGATTCCAG,cysB
cysB_520,TTGCCTGCCAGCGGGTGATC,cysB
cysB_528,TGGCTTTTTTGCCTGCCAGC,cysB
cysB_548,CGCCAGTTCTTCAATGGTAA,cysB
cysB_577,CCGAAGGTATATGTCACCAA,cysB
cysB_593,TGAACGTCCGGTAAAGCCGA,cysB
cysB_605,AGTATCCAGTTCTGAACGTC,cysB
cysB_629,CGTTAACCCTGCGCGATTAA,cysB
cysB_652,GTTGCCGTGAAAACGATACG,cysB
cysB_702,CCCCTACCCCCAGCCCTAAC,cysB
cysB_731,GACCGGATCCACCGCCATGC,cysB
cysB_755,AACACGCACAAGGTCGGGAT,cysB
cysB_760,GCATCAACACGCACAAGGTC,cysB
cysB_761,AGCATCAACACGCACAAGGT,cysB
cysB_765,CGTGAGCATCAACACGCACA,cysB
cysB_798,AACCAATTTTGGTTGTACTG,cysB
cysB_809,ACTACGGCGAAAACCAATTT,cysB
cysB_825,AACTGCGCAAGAAAGTACTA,cysB
cysB_877,ACGACATCACGCGTTAAATG,cysB
gltA_26,AACAGCTGTATCCCCGTTGA,gltA
gltA_27,CAACAGCTGTATCCCCGTTG,gltA
gltA_96,CACCTTTTGAACCGAGAGTA,gltA
gltA_125,TGAAGTGAAGCCTGGGTCAA,gltA
gltA_132,ATGCGGTTGAAGTGAAGCCT,gltA
gltA_133,GATGCGGTTGAAGTGAAGCC,gltA
gltA_149,AATTTTAGATTCGCAGGATG,gltA
gltA_155,AAAAGTAATTTTAGATTCGC,gltA
gltA_207,GCTGATCGATCGGGAAACCG,gltA
gltA_216,CGGTCGCCAGCTGATCGATC,gltA
gltA_217,TCGGTCGCCAGCTGATCGAT,gltA
gltA_236,AACTTCCAGGTAGTTAGAAT,gltA
gltA_249,GCAGGATGTAACAAACTTCC,gltA
gltA_267,TCGGTTTTTCACCATTCAGC,gltA
gltA_286,TCGTCATACTGTTCCTGAGT,gltA
gltA_326,CTCGTGGATCATGGTATGAC,gltA
gltA_327,GCTCGTGGATCATGGTATGA,gltA
gltA_335,GGTAATCTGCTCGTGGATCA,gltA
gltA_342,ACAGACGGGTAATCTGCTCG,gltA
gltA_356,ACGGAAAGCATGGAACAGAC,gltA
gltA_357,GACGGAAAGCATGGAACAGA,gltA
gltA_366,GCGAGTCGCGACGGAAAGCA,gltA
gltA_375,CCATTGGATGCGAGTCGCGA,gltA
gltA_391,ATACCACACATGACTGCCAT,gltA
gltA_416,ATAGAACGCCGCCAGCGCGC,gltA
gltA_463,GCGGCAATTTCACGGTGACG,gltA
gltA_471,GGCGGAACGCGGCAATTTCA,gltA
gltA_482,TTTCGACAGCAGGCGGAACG,gltA
gltA_489,TCGGCATTTTCGACAGCAGG,gltA
gltA_492,TGGTCGGCATTTTCGACAGC,gltA
gltA_508,TAACACATCGCGGCCATGGT,gltA
gltA_512,CTTGTAACACATCGCGGCCA,gltA
gltA_518,GGAATACTTGTAACACATCG,gltA
gltA_539,GTAAACAAATGGCTGACCAA,gltA
gltA_550,TCGTTGCGCGGGTAAACAAA,gltA
gltA_561,CGTAGGAGAGATCGTTGCGC,gltA
gltA_562,GCGTAGGAGAGATCGTTGCG,gltA
gltA_578,ATTCAGGAAGTTACCGGCGT,gltA
gltA_584,CATCATATTCAGGAAGTTAC,gltA
gltA_594,GCGTGGAGAACATCATATTC,gltA
gltA_611,TTCATACGGTTCGCACGGCG,gltA
gltA_616,TTAACTTCATACGGTTCGCA,gltA
gltA_625,AGAATCGGATTAACTTCATA,gltA
gltA_640,TCCATAGCACGTTCCAGAAT,gltA
gltA_663,CAGCGTGCAGGATCAGAATA,gltA
gltA_675,TCTGTTCATGGTCAGCGTGC,gltA
gltA_687,AGGTAGAGGCGTTCTGTTCA,gltA
gltA_701,GGTACGCACGGTGGAGGTAG,gltA
gltA_707,GCCAGCGGTACGCACGGTGG,gltA
gltA_710,AGAGCCAGCGGTACGCACGG,gltA
argA_20,GCGGAATCCCTCGACCAACT,argA
argA_39,TGATATAGGGAACCGAATGG,argA
argA_42,TATTGATATAGGGAACCGAA,argA
argA_52,CCCCGGTGGGTATTGATATA,argA
argA_53,TCCCCGGTGGGTATTGATAT,argA
argA_65,GACAAACGTTTTTCCCCGGT,argA
argA_69,TGATGACAAACGTTTTTCCC,argA
argA_107,GGAGAAATTCTCATGCTCAA,argA
argA_128,CCCGATATCATTAACGATAC,argA
argA_162,CCACCACCAGACGGATGCCG,argA
argA_171,CGCCATAGACCACCACCAGA,argA
argA_199,GCCAGATTTGCGTCGATCTG,argA
argA_231,TCTTGTGATACAGCGGTTCG,argA
argA_238,CGTATATTCTTGTGATACAG,argA
argA_266,CAGTTCCAGTGTTTTGGCGT,argA
argA_272,CTTCACCAGTTCCAGTGTTT,argA
argA_333,TGTTATTGAGACTCATCGAC,argA
argA_358,TTGATATGCGCGCCCTGCAG,argA
argA_408,CGTCATCGACGCCCAGCGGC,argA
argA_412,ACGCCGTCATCGACGCCCAG,argA
argA_444,TCCGCCGGATACGCCCGCTA,argA
argA_459,TCGCGTCTTCATCAATCCGC,argA
argA_483,CACCGCTGTCCAGTTGACGA,argA
argA_523,CCAGTGACTGAAACAGCGAC,argA
argA_558,TGGCAATCTCTTCCGAGGTC,argA
argA_563,TTGAGTGGCAATCTCTTCCG,argA
argA_578,CAGTTTGATGGCCAGTTGAG,argA
argA_590,CTTTTCAGCTTTCAGTTTGA,argA
argA_632,GTCGTCATTAGTGACGCCCT,argA
argA_633,CGTCGTCATTAGTGACGCCC,argA
argA_668,CGCTTCGTTAGGGAAAAGTT,argA
argA_678,CCCGCGCTTGCGCTTCGTTA,argA
argA_679,ACCCGCGCTTGCGCTTCGTT,argA
argA_707,GTAATCGCCTTTCTCTTCCT,argA
argA_708,TGTAATCGCCTTTCTCTTCC,argA
argA_734,ACGCAAAAAGCGCACCGTAC,argA
argA_884,TGTTGCGCGACGAATCTGCT,argA
argA_942,GAATACCTTGCTGCTCCAGT,argA
argA_943,AGAATACCTTGCTGCTCCAG,argA
argA_972,TCTCCAGCTGCTCGCGAGAA,argA
argA_1013,CGTGTTATCGCGCTGAATAA,argA
argA_1043,GAACGGATAGAGCGCGGCGC,argA
argA_1049,TTCCGGGAACGGATAGAGCG,argA
argA_1060,CCAATCTTCTCTTCCGGGAA,argA
argA_1065,TTTCCCCAATCTTCTCTTCC,argA
argA_1066,ATTTCCCCAATCTTCTCTTC,argA
argA_1091,ATCCGGGTGAACTGCCACAC,argA
argA_1107,TTGATGAACTGCGGTAATCC,argA
argA_1108,CTTGATGAACTGCGGTAATC,argA
argA_1116,CTTCACCCCTTGATGAACTG,argA
argE_16,CGGTAAATCTCGATAAATGG,argE
argE_19,GCGCGGTAAATCTCGATAAA,argE
argE_36,AAGGTGTGGCAATCAGAGCG,argE
argE_50,CGTGGCGCTTATTGAAGGTG,argE
argE_55,TCTTCCGTGGCGCTTATTGA,argE
argE_68,TTGATCGAGTGCCTCTTCCG,argE
argE_160,TTGTTGCGAGTTCCTGGAAC,argE
argE_166,TTGAATTTGTTGCGAGTTCC,argE
argE_242,GTCATCAAATGGCACCGTAT,argE
argE_253,GTCCAGCGACCGTCATCAAA,argE
argE_283,TCATGCTCCGTCAGTGTAAA,argE
argE_329,AAAAAAGCCTTTCATGTCGG,argE
argE_332,CGCAAAAAAGCCTTTCATGT,argE
argE_360,CGACATCGCGTAGCGCATCA,argE
argE_403,GCAGTCGCCAGAATGTAGAG,argE
argE_437,ATAACGCGCTCCGGCCATAC,argE
argE_446,TTCGGCAAAATAACGCGCTC,argE
argE_464,CGGGCGCAGGGCGGTAGTTT,argE
argE_476,GATGGCGCAATCCGGGCGCA,argE
argE_477,TGATGGCGCAATCCGGGCGC,argE
argE_483,CGCCAATGATGGCGCAATCC,argE
argE_484,TCGCCAATGATGGCGCAATC,argE
argE_494,TGACGTCGGTTCGCCAATGA,argE
argE_508,CGTACCGGTTGTAGTGACGT,argE
argE_523,TGACCTTTATGTGCGCGTAC,argE
argE_557,CGACTGGCCCTGAATACGGA,argE
argE_561,GCCCCGACTGGCCCTGAATA,argE
argE_573,GATCGCTGGAGTGCCCCGAC,argE
argE_587,AACTCCGCGTGCTGGATCGC,argE
argE_595,ATAGCGTTAACTCCGCGTGC,argE
argE_635,CAATTGCAAAATATGCCCGA,argE
argE_666,CGTAGTGATAACGTTCTTTC,argE
argE_698,GTTGAGCGTAGGGTATGGCA,argE
argE_703,CCGAGGTTGAGCGTAGGGTA,argE
argE_708,TATGCCCGAGGTTGAGCGTA,argE
argE_709,ATATGCCCGAGGTTGAGCGT,argE
argE_720,CGCCACCGTGAATATGCCCG,argE
argE_753,ACTCACAGCAAGCGCAAATA,argE
argE_793,TTGAGTGTCATGCCAGGCAG,argE
argE_799,AGTTCATTGAGTGTCATGCC,argE
argE_868,TCGTCGACCGTCAGACGACC,argE
argE_898,CATTCATAGCCAGGGATCGG,argE
argE_901,GGGCATTCATAGCCAGGGAT,argE
argE_906,TCGGTGGGCATTCATAGCCA,argE
argE_907,TTCGGTGGGCATTCATAGCC,argE
argE_921,CAACCAGTTGATGATTCGGT,argE
argE_922,TCAACCAGTTGATGATTCGG,argE
argE_925,ACTTCAACCAGTTGATGATT,argE
argE_974,GGTACAGTAGTTCACCACTT,argE
argE_995,CGTTTGAATAAACGGCGCTT,argE
argG_24,TACCAATACGTTGACCTACC,argG
argG_25,ATACCAATACGTTGACCTAC,argG
argG_71,CATCCACAGCAGTGCGGCAC,argG
argG_77,TTGTCGCATCCACAGCAGTG,argG
argG_112,AGGTTTGCAGTATATGCATA,argG
argG_132,CCTCTTCGTCTGGCTGGCCC,argG
argG_138,CATAATCCTCTTCGTCTGGC,argG
argG_142,GCATCATAATCCTCTTCGTC,argG
argG_168,CGTATTCCATGGCACGACGA,argG
argG_169,CCGTATTCCATGGCACGACG,argG
argG_179,GTTCTCCGCGCCGTATTCCA,argG
argG_219,CTTCGGCCACCAGTTGTTTG,argG
argG_236,CTGAATAGCGGCAATACCTT,argG
argG_248,AAATGCGCCACACTGAATAG,argG
argG_278,GAAATAGGTCAGGCCGCCGG,argG
argG_281,GTTGAAATAGGTCAGGCCGC,argG
argG_288,GCGTCGTGTTGAAATAGGTC,argG
argG_293,CAGCGGCGTCGTGTTGAAAT,argG
argG_318,GCATGGTACCAGTCACGGCG,argG
argG_323,AACCAGCATGGTACCAGTCA,argG
argG_335,TTTCATCGCAGCAACCAGCA,argG
argG_392,TTCGATATCGTTTCCTTTGT,argG
argG_440,GTAAATCTGCAGTTCAGCAT,argG
argG_466,ATAAAGTCAGTATCAAGCCA,argG
argG_504,TAAATTCAGACATCTCATGA,argG
argG_533,CATTTTGTAGTCGAAACCGC,argG
argG_569,CATGTTGGAGTCTGTGGAGT,argG
argG_575,ACCAAGCATGTTGGAGTCTG,argG
argG_584,ATGCGTTGCACCAAGCATGT,argG
argG_627,CGATTTTGACGCTGGAGTTG,argG
argG_635,CGGGTTGACGATTTTGACGC,argG
argG_654,AGAATTTCACGCCCATAATC,argG
argG_655,CAGAATTTCACGCCCATAAT,argG
argG_696,GTACTGTGACTTCTTCTGCC,argG
argG_697,CGTACTGTGACTTCTTCTGC,argG
argG_736,GTTTTACCGTTCAGCGCCAC,argG
argG_758,CATTTCTACGTCGTCGCTAA,argG
argG_816,CAATCTGGTCGCTCATGCCC,argG
argG_831,CGATGATACGGTTTTCAATC,argG
argG_843,GGCTTTTCGCTTCGATGATA,argG
argG_864,CCGGAGCTTCGTAAATACCA,argG
argG_883,ATGTGCAGCAGTGCCATCCC,argG
argG_918,CGTTGTGAATACCGGTCAAC,argG
argG_926,GGTGTCTTCGTTGTGAATAC,argG
argG_947,ATGCGCGTGATACTGCTCAA,argG
argG_984,AACGCCCCTGGTACAGCAGA,argG
argG_996,GGGAGTCAAACCAACGCCCC,argG
argG_1016,GTCACGCAGCATCAGCGCCT,argG
argG_1017,AGTCACGCAGCATCAGCGCC,argG
argG_1058,AACTTCACCAGTGATCTGGC,argG
ppc_17,ACTGACATTACTACGCAATG,ppc
ppc_65,TTCTCCCAACGCATCCTTGA,ppc
ppc_114,GTGAAGATTTCGACAACTTA,ppc
ppc_156,AGGTGGTGAGCAACTCCTGG,ppc
ppc_159,GTAAGGTGGTGAGCAACTCC,ppc
ppc_173,GTTCGACAAATTTTGTAAGG,ppc
ppc_176,GTCGTTCGACAAATTTTGTA,ppc
ppc_208,TGACTAAACGCACGCGCAAC,ppc
ppc_209,CTGACTAAACGCACGCGCAA,ppc
ppc_234,CGGCGGTGTTGGCCAGGTTC,ppc
ppc_240,ATTGCTCGGCGGTGTTGGCC,ppc
ppc_245,GTGGTATTGCTCGGCGGTGT,ppc
ppc_251,AATGCTGTGGTATTGCTCGG,ppc
ppc_254,CGAAATGCTGTGGTATTGCT,ppc
ppc_264,CGCCTTTCGGCGAAATGCTG,ppc
ppc_277,TTGCTGGCAGCTTCGCCTTT,ppc
ppc_293,GGCGATCACTTCCGGGTTGC,ppc
ppc_301,AGGGTGCGGGCGATCACTTC,ppc
ppc_314,TTTCAGTTTACGCAGGGTGC,ppc
ppc_315,TTTTCAGTTTACGCAGGGTG,ppc
ppc_320,CTGGTTTTTCAGTTTACGCA,ppc
ppc_321,GCTGGTTTTTCAGTTTACGC,ppc
ppc_339,TGTCTTCGCTCAGTTCCGGC,ppc
ppc_343,ATGGTGTCTTCGCTCAGTTC,ppc
ppc_362,CGATTCCACTGCTTTTTTGA,ppc
ppc_402,TTTCGGTTGGGTGAGCCGTG,ppc
ppc_414,TACGACGGGTAATTTCGGTT,ppc
ppc_415,GTACGACGGGTAATTTCGGT,ppc
ppc_419,CAGTGTACGACGGGTAATTT,ppc
ppc_428,TTTGTGGATCAGTGTACGAC,ppc
ppc_429,TTTTGTGGATCAGTGTACGA,ppc
ppc_444,CGTTCACTTCCACCATTTTG,ppc
ppc_467,GTTATCGAGCTGTTTTAAAC,ppc
ppc_516,GGCGCAGGCGACGCATCAGC,ppc
ppc_531,ACTGGGCGATCAACTGGCGC,ppc
ppc_537,GCCATGACTGGGCGATCAAC,ppc
ppc_548,TTCATCGGTATGCCATGACT,ppc
ppc_549,TTTCATCGGTATGCCATGAC,ppc
ppc_563,ACGCAGCTTACGGATTTCAT,ppc
ppc_573,CCGGGCTTGGACGCAGCTTA,ppc
ppc_586,TTGGCTTCATCTACCGGGCT,ppc
ppc_591,CCCATTTGGCTTCATCTACC,ppc
ppc_592,CCCCATTTGGCTTCATCTAC,ppc
ppc_605,CACTACGGCAAAGCCCCATT,ppc
ppc_620,CCACAGGCTGTTTTCCACTA,ppc
ppc_636,AATTTGGTACGCCTTGCCAC,ppc
ppc_652,TTCAGTTCGCGCAGGTAATT,ppc
ppc_660,GTTGTTCGTTCAGTTCGCGC,ppc
ppc_693,CGACGGGCAGTTTGTAGCCG,ppc
ppc_709,CGGACCGGAACAAATTCGAC,ppc
bioH_23,ATGAACATTCCCCTGACCTT,bioH
bioH_77,GTCAATGCAACGCCACACTT,bioH
bioH_129,CGAAGCCGGGCAGGTCAACA,bioH
bioH_159,GTGACAGCGCACCAAATCCC,bioH
bioH_194,TGCCTGTTGCAGCACGGCTT,bioH
bioH_200,ATCAGGTGCCTGTTGCAGCA,bioH
bioH_217,CCTAACCAAATGGCTTTATC,bioH
bioH_227,CAGACTCCAGCCTAACCAAA,bioH
bioH_267,CGGGATGGGTTAACGCAATC,bioH
bioH_281,CGCCTGAACACGCTCGGGAT,bioH
bioH_282,GCGCCTGAACACGCTCGGGA,bioH
bioH_286,ACCAGCGCCTGAACACGCTC,bioH
bioH_287,GACCAGCGCCTGAACACGCT,bioH
bioH_311,AAAACAAGGTGACGACGCCA,bioH
bioH_325,TCGTCACGAGCACTAAAACA,bioH
bioH_352,AGCACGTCCGGTTTTATCCC,bioH
bioH_429,TCCCCATGGTTTGTAACGCC,bioH
bioH_443,GCGCGCCGTTTCAGTCCCCA,bioH
bioH_465,TCTTCAACGCCCGCGCATCC,bioH
bioH_505,AGCACGTCAACCTCCGGCAT,bioH
bioH_511,CCATTAAGCACGTCAACCTC,bioH
bioH_546,GACGGAGATCGACCGTTTTC,bioH
bioH_564,ACACGTTTTGCAGCGGCTGA,bioH
bioH_571,GGCATGGACACGTTTTGCAG,bioH
bioH_587,ATACAATCGCAAAAACGGCA,bioH
bioH_592,TAGCCATACAATCGCAAAAA,bioH
bioH_631,AGCATCGGCACCACTTTGCG,bioH
bioH_646,GGCCAAAGTTTATCCAGCAT,bioH
bioH_667,AAGATATATGATTCGCTGTG,bioH
bioH_692,AAATGGCGCATGGGCCGCTT,bioH
bioH_701,ATGCGAAATAAATGGCGCAT,bioH
bioH_702,GATGCGAAATAAATGGCGCA,bioH
bioH_709,TCGGCCGGATGCGAAATAAA,bioH
bioH_724,AGCAGGTGACAAAACTCGGC,bioH
bioH_728,CACCAGCAGGTGACAAAACT,bioH
glyA_26,CCACAGTTCGGCATCATAAT,glyA
glyA_38,CTCCATAGCCTGCCACAGTT,glyA
glyA_101,CGGGCTGGTGTAGTTTTCGG,glyA
glyA_104,GCGCGGGCTGGTGTAGTTTT,glyA
glyA_116,CGCCTGCATTACGCGCGGGC,glyA
glyA_120,CCTGCGCCTGCATTACGCGC,glyA
glyA_121,CCCTGCGCCTGCATTACGCG,glyA
glyA_155,ATAACCTTCAGCATATTTGT,glyA
glyA_178,CCGCCGTAGTAGCGTTTGCC,glyA
glyA_283,TTAGCCTGGGAGCCGGAGTG,glyA
glyA_290,CGCAAAGTTAGCCTGGGAGC,glyA
glyA_296,GTAGACCGCAAAGTTAGCCT,glyA
glyA_297,TGTAGACCGCAAAGTTAGCC,glyA
glyA_320,ATCACCTGGTTCCAGCAGCG,glyA
glyA_334,ATACCCAGAACGGTATCACC,glyA
glyA_344,CGCCAGGTTCATACCCAGAA,glyA
glyA_360,TCAGGTGACCGCCATGCGCC,glyA
glyA_378,TAACCGGAGAACCGTGAGTC,glyA
glyA_394,AGTTTACCGGAGAAGTTAAC,glyA
glyA_407,AACGATGTTGTACAGTTTAC,glyA
glyA_430,CCGGTAGCATCGATACCGTA,glyA
glyA_449,ATCGGCGTAGTCGATATGAC,glyA
glyA_467,TTTGGCTTGTTTTTCCAGAT,glyA
glyA_485,CATTTTCGGCTTGTGTTCTT,glyA
glyA_533,TTTCGCCCAGTCCACCACGC,glyA
glyA_588,CGTGCGCCATATCAACGAAC,glyA
glyA_618,GGTAGACGCCAGCAGCAACC,glyA
glyA_639,GAGCATGAGGAACCGGGTTC,glyA
glyA_640,TGAGCATGAGGAACCGGGTT,glyA
glyA_645,CAACGTGAGCATGAGGAACC,glyA
glyA_646,ACAACGTGAGCATGAGGAAC,glyA
glyA_652,GTAGTAACAACGTGAGCATG,glyA
glyA_674,CGCCAGGGTTTTGTGAGTGG,glyA
glyA_677,ACCCGCCAGGGTTTTGTGAG,glyA
glyA_711,TACCACCTTTCGCCAGGATC,glyA
glyA_717,CTTCGCTACCACCTTTCGCC,glyA
glyA_764,GCCCTGACCACCAGGGAAAA,glyA
glyA_771,ACGGACCGCCCTGACCACCA,glyA
glyA_772,AACGGACCGCCCTGACCACC,glyA
glyA_790,CCGGCGATTACGTGCATCAA,glyA
glyA_809,TTTCAGAGCAACCGCTTTAC,glyA
glyA_844,TGCTGGTAAGTTTTGAACTC,glyA
glyA_861,CGTTTTTAGCGACCTGCTGC,glyA
glyA_906,CCACTTTGTAGCCGCGCTCG,glyA
glyA_932,CAGGTGGTTATCAGTGCCGC,glyA
glyA_948,CCAGATCAACCAGGAACAGG,glyA
glyA_951,CAACCAGATCAACCAGGAAC,glyA
glyA_957,TTTTATCAACCAGATCAACC,glyA
glyA_981,CGTCTGCTTCTTTACCGGTC,glyA
glyA_986,AGCGGCGTCTGCTTCTTTAC,glyA
serA_60,GAAGGCTTTCCAGCGCCTTT,serA
serA_78,TGGTGTAACCAGCTGCACGA,serA
serA_98,GCCTTTGTGAAATTCGATGT,serA
serA_149,GATGAAGTGGGCATCGCGGA,serA
serA_153,GGCCGATGAAGTGGGCATCG,serA
serA_161,GGATCGCAGGCCGATGAAGT,serA
serA_162,GGGATCGCAGGCCGATGAAG,serA
serA_174,TCAGATGGGTACGGGATCGC,serA
serA_182,GTCTTCAGTCAGATGGGTAC,serA
serA_183,CGTCTTCAGTCAGATGGGTA,serA
serA_188,GATCACGTCTTCAGTCAGAT,serA
serA_189,TGATCACGTCTTCAGTCAGA,serA
serA_215,AATAGCGACCAGTTTTTCTG,serA
serA_261,CCGCCGCATCCAGATCAACC,serA
serA_297,AGAACGGTGCGTTAAATACC,serA
serA_298,GAGAACGGTGCGTTAAATAC,serA
serA_313,ACAGAGCGCGTATTTGAGAA,serA
serA_382,TGCGCTTTAGCATTGGCTTC,serA
serA_389,GCCACGGTGCGCTTTAGCAT,serA
serA_405,CCAGTTTGTTCCACACGCCA,serA
serA_559,ACCTGAGTGGCGTTGCCCAG,serA
serA_572,AGAAAGATGCTGTACCTGAG,serA
serA_597,CCACATCGCTCATATTCAGC,serA
serA_634,TTTTTGGTGGACGGATTCTC,serA
serA_643,CCCATCATATTTTTGGTGGA,serA
serA_647,CGCGCCCATCATATTTTTGG,serA
serA_650,TTTCGCGCCCATCATATTTT,serA
serA_691,GCATTAATCAGCAGCGAGCC,serA
serA_739,GCCAGCGCATCACACAGCGC,serA
serA_798,TATTGGTCGCCGGTTCCGTC,serA
serA_799,CTATTGGTCGCCGGTTCCGT,serA
serA_808,AATGGATCGCTATTGGTCGC,serA
serA_815,AGAGGTAAATGGATCGCTAT,serA
serA_826,TCACACAGCGGAGAGGTAAA,serA
serA_833,GTCGAATTCACACAGCGGAG,serA
serA_838,ACGTTGTCGAATTCACACAG,serA
serA_861,CGCCAATGTGTGGCGTCAGA,serA
serA_871,TGAGTCGAACCGCCAATGTG,serA
serA_915,TCAATTTACCCGCAACTTCC,serA
serA_981,GCAGTGGCAGCGAGACTTCC,serA
serA_982,TGCAGTGGCAGCGAGACTTC,serA
serA_997,AGACGACGCCCACCGTGCAG,serA
serA_1029,GCACGCCCGGACGGTTTTCG,serA
serA_1038,GCGCAGTTAGCACGCCCGGA,serA
serA_1042,TTCAGCGCAGTTAGCACGCC,serA
serA_1076,GGCGATGTTGACGCCCTGCT,serA
serA_1097,GGAAGTTTGCAGATATTGCG,serA
serA_1118,AACCACATAACCCATCTGGG,serA
serA_1121,AATAACCACATAACCCATCT,serA
serA_1122,CAATAACCACATAACCCATC,serA
purC_41,CGGGTTTTCCGTGCTGTATA,purC
purC_60,ATTCGAGCACCAACAGGTCC,purC
purC_61,AATTCGAGCACCAACAGGTC,purC
purC_66,TGCGGAATTCGAGCACCAAC,purC
purC_84,CCCCTGCTGACGTATCATTG,purC
purC_198,GCAGACGCTCCATTTGAGTC,purC
purC_199,AGCAGACGCTCCATTTGAGT,purC
purC_224,TTTCACCAGACATTCGGTAT,purC
purC_230,CAGCTTTTTCACCAGACATT,purC
purC_262,TTACGCACGACACACTCAAC,purC
purC_285,TCACCAGAGAGCCAGCAGCA,purC
purC_342,GGAACAGATCGAACAGCGGC,purC
purC_343,AGGAACAGATCGAACAGCGG,purC
purC_346,TTCAGGAACAGATCGAACAG,purC
purC_363,CGTGCATGGCGTCGTTTTTC,purC
purC_377,GTTGACCATCGGATCGTGCA,purC
purC_388,CAGTAAGATTCGTTGACCAT,purC
purC_416,CTCTTTGCTCACCCAGCCAA,purC
purC_441,TCAGCTCTTTCATACGCGCC,purC
purC_464,CAGCACGTCGTTCGCTTTGT,purC
purC_583,TCCCACAGGCGGCTACCGTC,purC
purC_594,GCGTTTCTTTGTCCCACAGG,purC
purC_597,CCAGCGTTTCTTTGTCCCAC,purC
purC_636,CACCGAGGCTCTGGCGGAAA,purC
purC_642,TCAGGCCACCGAGGCTCTGG,purC
purC_645,CGATCAGGCCACCGAGGCTC,purC
purC_651,AGGCTTCGATCAGGCCACCG,purC
purC_660,CGGCTTCATAGGCTTCGATC,purC
purC_671,GCGGCGGGCGACGGCTTCAT,purC
purC_686,CAGCTGTACACCCAGGCGGC,purC
purC_687,CCAGCTGTACACCCAGGCGG,purC
purC_690,AGTCCAGCTGTACACCCAGG,purC
purM_5,GTAGCTAAGAGAGGTTTTAT,purM
purM_14,GGCATCTTTGTAGCTAAGAG,purM
purM_35,ACCCGCGTCAATATCAACAC,purM
purM_106,CCCAGACCGCCCATCACTTC,purM
purM_154,ACGGGTTCACGATATTTTTG,purM
purM_172,TCAGTGCCAGAAACCAGCAC,purM
purM_173,GTCAGTGCCAGAAACCAGCA,purM
purM_206,GTCCATTGCCAGACGCAGCT,purM
purM_245,GGCGACCAGATCAATACCAA,purM
purM_266,CACCAGGTCATTAACGCACA,purM
purM_282,GCTCTGCACCTTGCACCACC,purM
purM_304,TAATAGTCGAGGAAAAACAG,purM
purM_315,TTCCGGTTGCGTAATAGTCG,purM
purM_332,GGTATCAACATCCAGTTTTC,purM
purM_353,GCCGCTGATCACCGCTGAAG,purM
purM_436,TCCTCACCGTGATACATCCC,purM
purM_557,GCCGTTCGAGTGTGGACCGC,purM
purM_565,AGCGAATAGCCGTTCGAGTG,purM
purM_622,CCATCAAGTTCGGTGGTTTG,purM
purM_629,TGGCTTACCATCAAGTTCGG,purM
purM_632,TAATGGCTTACCATCAAGTT,purM
purM_649,GCCAGCAGATGATCGGCTAA,purM
purM_673,GACTTCACGTAAATGCGGGT,purM
purM_677,CACTGACTTCACGTAAATGC,purM
purM_678,GCACTGACTTCACGTAAATG,purM
purM_731,GCCGCCGGTCAGGTGCGCAA,purM
purM_746,GTTTTCCCAGAAGCCGCCGC,purM
purM_772,GTATTATCTGGCAATACGCG,purM
purM_784,ATCACTGCCTGAGTATTATC,purM
purM_818,GAACACTTCCGGCCACTGCC,purM
purM_829,TGCAGCCAGTTGAACACTTC,purM
purM_873,TGAAGGTGCGATACATTTCA,purM
purM_890,CATCCCGACGCCGCAGTTGA,purM
purM_920,GTCCACTTCCGGAGCAGGCA,purM
purM_921,TGTCCACTTCCGGAGCAGGC,purM
purM_925,GCTTTGTCCACTTCCGGAGC,purM
purM_931,GCGAGGGCTTTGTCCACTTC,purM
purM_947,GTTGGCATTGAGCAGGGCGA,purM
purM_948,CGTTGGCATTGAGCAGGGCG,purM
purM_953,TTCACCGTTGGCATTGAGCA,purM
purM_954,TTTCACCGTTGGCATTGAGC,purM
purM_965,TTTCCACGCGTTTTCACCGT,purM
purM_1004,CACGCGTTGTTCGGAATCAG,purM
purM_1013,TTCGATAACCACGCGTTGTT,purM
purL_25,ATTCGGAATGCCGACAGTGC,purL
purL_42,GTGCCAGCAGTTTGTTGATT,purL
purL_77,AATATTGTGAACCGGGAGCC,purL
purL_84,CGGCGTAAATATTGTGAACC,purL
purL_85,TCGGCGTAAATATTGTGAAC,purL
purL_104,GTCAGCAAAATGGACATACT,purL
purL_114,GCGCATTGAGGTCAGCAAAA,purL
purL_126,CATCGTTTAACGGCGCATTG,purL
purL_136,GCGTGCTCATCATCGTTTAA,purL
purL_171,GTGCCGGGCCATATTTCAGC,purL
purL_197,TTTGCCTTGCGGGGCGTGGC,purL
purL_201,GGAGTTTGCCTTGCGGGGCG,purL
purL_206,CAGCAGGAGTTTGCCTTGCG,purL
purL_207,CCAGCAGGAGTTTGCCTTGC,purL
purL_208,ACCAGCAGGAGTTTGCCTTG,purL
purL_222,CAGGACGCGGGGTCACCAGC,purL
purL_233,AGAGATGGTGCCAGGACGCG,purL
purL_234,GAGAGATGGTGCCAGGACGC,purL
purL_235,GGAGAGATGGTGCCAGGACG,purL
purL_241,GACCAGGGAGAGATGGTGCC,purL
purL_248,TTTCGAAGACCAGGGAGAGA,purL
purL_256,TCGGTCGCTTTCGAAGACCA,purL
purL_257,ATCGGTCGCTTTCGAAGACC,purL
purL_275,CCCGCAGTTATGGGCAATAT,purL
purL_284,CTGTTGTAGCCCGCAGTTAT,purL
purL_285,CCTGTTGTAGCCCGCAGTTA,purL
purL_312,AAGCAACGCCGCGCTCAAGG,purL
purL_315,AGTAAGCAACGCCGCGCTCA,purL
purL_347,TTGTTCATTGGTCAGCGTAC,purL
purL_359,AACCTGCTGCCATTGTTCAT,purL
purL_383,CATGCGGTCGTGCAGTTCAG,purL
purL_399,AAAAGACCGTTTCCATCATG,purL
purL_452,AACCGGAGTCGGTTGATGGT,purL
purL_453,TAACCGGAGTCGGTTGATGG,purL
purL_456,TGGTAACCGGAGTCGGTTGA,purL
purL_463,TCAACGCTGGTAACCGGAGT,purL
purL_469,AGCAAATCAACGCTGGTAAC,purL
purL_476,CTGCCCCAGCAAATCAACGC,purL
purL_501,TAGCGTCGATCAGCGCCTGA,purL
purL_525,CCAGAGCCAAGCCAAGACGC,purL
purL_600,TATACAGTTCGATGTCGTTC,purL
purL_601,ATATACAGTTCGATGTCGTT,purL
purL_629,GCAGTGCTCGGAGTTCGCCT,purL
purL_630,GGCAGTGCTCGGAGTTCGCC,purL
purL_641,AATTTTGTGGCGGCAGTGCT,purL
purL_651,CGGCGTTAAAAATTTTGTGG,purL
purL_654,AGTCGGCGTTAAAAATTTTG,purL
purL_671,TTCACCATCGATAACCCAGT,purL
purL_700,ATCATCTTGAACAGCGATTT,purL
purL_740,AGAGAGAACGTGATCTGGCG,purL
lysA_4,TCGGTGCTGAACAGTGAATG,lysA
lysA_23,TTCGGCGGTGAGATCGGTAT,lysA
lysA_29,CAGATTTTCGGCGGTGAGAT,lysA
lysA_38,CAAACGCAGCAGATTTTCGG,lysA
lysA_41,GGGCAAACGCAGCAGATTTT,lysA
lysA_61,ACCGGGCAGCCAAATTCAGC,lysA
lysA_62,CACCGGGCAGCCAAATTCAG,lysA
lysA_78,GCGCATCGTAGACCCACACC,lysA
lysA_79,TGCGCATCGTAGACCCACAC,lysA
lysA_164,CAAAATATGAATATTGGAAC,lysA
lysA_170,TAAGCGCAAAATATGAATAT,lysA
lysA_221,CTCTATTTCGCCTAACGAGA,lysA
lysA_268,ATATCATCGGGGTGCGTTTG,lysA
lysA_279,CCGTAAAAACAATATCATCG,lysA
lysA_280,GCCGTAAAAACAATATCATC,lysA
lysA_281,TGCCGTAAAAACAATATCAT,lysA
lysA_352,TCAACAGAACCCGCATTCAC,lysA
lysA_384,CTGGCGAAACCTGGCCCAGT,lysA
lysA_393,CCCGATGCCCTGGCGAAACC,lysA
lysA_403,CGCAGCCATACCCGATGCCC,lysA
lysA_433,CTATGTCCGTGACCAAACCC,lysA
lysA_456,CGCCACCGGTATTGGTTTTT,lysA
lysA_470,GTGCTTGCTGTTTTCGCCAC,lysA
lysA_506,GTCCAGTGCGGCGGGCAGAT,lysA
lysA_514,TGTATCACGTCCAGTGCGGC,lysA
lysA_515,TTGTATCACGTCCAGTGCGG,lysA
lysA_518,ACGTTGTATCACGTCCAGTG,lysA
lysA_596,ACCACACACCTGTTCCAGAT,lysA
lysA_597,CACCACACACCTGTTCCAGA,lysA
lysA_691,GCCTCTTCACCCTGTTGATA,lysA
lysA_722,CCACAGACCATAATAATGTT,lysA
lysA_749,GCGGGCGATTTGCTCACGCG,lysA
lysA_767,CACAGGGTGGCCCAAATGGC,lysA
lysA_768,TCACAGGGTGGCCCAAATGG,lysA
lysA_771,GTTTCACAGGGTGGCCCAAA,lysA
lysA_780,CAATTTCCAGTTTCACAGGG,lysA
lysA_783,GTTCAATTTCCAGTTTCACA,lysA
lysA_784,GGTTCAATTTCCAGTTTCAC,lysA
lysA_805,TGCGCTACCAGGAAGCGACC,lysA
lysA_816,ATACGCCAGACTGCGCTACC,lysA
lysA_876,CATCAACCAGCACAAAGTGG,lysA
lysA_879,CGGCATCAACCAGCACAAAG,lysA
lysA_899,GCGCATCAGATCGTTGAACC,lysA
lysA_921,GGTAACTACCGTACATTGCC,lysA
lysA_922,TGGTAACTACCGTACATTGC,lysA
lysA_942,CTGCCAGGGCACTGATATGG,lysA
lysA_945,CAGCTGCCAGGGCACTGATA,lysA
lysA_956,AGAACGACCATCAGCTGCCA,lysA
lysA_957,GAGAACGACCATCAGCTGCC,lysA
lysA_991,GCGACGACGGTTTCCACCGT,lysA
pyrD_9,AAAGGGCTTTACGAACGAAG,pyrD
pyrD_10,AAAAGGGCTTTACGAACGAA,pyrD
pyrD_11,GAAAAGGGCTTTACGAACGA,pyrD
pyrD_26,CTCTGGATCGAGCTGGAAAA,pyrD
pyrD_27,GCTCTGGATCGAGCTGGAAA,pyrD
pyrD_33,GAGCGCGCTCTGGATCGAGC,pyrD
pyrD_43,GTAAACTCATGAGCGCGCTC,pyrD
pyrD_81,CAAACGGCGTTCCTGTAATA,pyrD
pyrD_97,TGCCGCACCAGTGCTTCAAA,pyrD
pyrD_127,ATGCAGTTAACAGGTTTCGC,pyrD
pyrD_136,GTCAGGCCCATGCAGTTAAC,pyrD
pyrD_153,CAAGCGGATTTTTAAACGTC,pyrD
pyrD_169,AGACCGGCTGCCAGACCAAG,pyrD
pyrD_185,CTCCCCGTCTTTATCAAGAC,pyrD
pyrD_257,TGGCTGTGGACGTGGCGTGA,pyrD
pyrD_265,TCATTACCTGGCTGTGGACG,pyrD
pyrD_271,GGCTTGTCATTACCTGGCTG,pyrD
pyrD_277,AGACGCGGCTTGTCATTACC,pyrD
pyrD_292,TCTACCAGACGAAAGAGACG,pyrD
pyrD_333,CAAGATTATTAAAGCCCATA,pyrD
pyrD_366,CCTTTTTTACGTTCTCTACG,pyrD
pyrD_389,ACCCAGGACGCCGTCATAAT,pyrD
pyrD_405,TTTTGCCGATGTTAATACCC,pyrD
pyrD_439,TCATCTTTGCCCTGCTCCAC,pyrD
pyrD_491,GATGGCGATATATCCCGCAT,pyrD
pyrD_509,ATTCGGCGATGAAATATTGA,pyrD
pyrD_526,GTGCGTAATCCTGGGGTATT,pyrD
pyrD_533,TTGCAGCGTGCGTAATCCTG,pyrD
pyrD_534,ATTGCAGCGTGCGTAATCCT,pyrD
pyrD_535,TATTGCAGCGTGCGTAATCC,pyrD
pyrD_584,ATTTTGCTTATTTTTAATCG,pyrD
pyrD_624,CTGCGATCGGCACATATTTA,pyrD
pyrD_637,GGCGCGATCTTCACTGCGAT,pyrD
pyrD_658,AATTCTTCTTCAGAAAGATC,pyrD
pyrD_684,GAACTAAACTATCGGCAACC,pyrD
pyrD_692,ATTATGGCGAACTAAACTAT,pyrD
pyrD_708,CAATAACGCCATCAATATTA,pyrD
pyrD_734,AGAACGATCGAGTGTGGTAT,pyrD
pyrD_740,AACAAGAGAACGATCGAGTG,pyrD
pyrD_788,CGGACGACCACTTAAGCCAC,pyrD
pyrD_808,TCGGTGCTTTTTAACTGAAG,pyrD
pyrD_827,TGACAAGCGGCGAATAATTT,pyrD
pyrD_840,CGTTTAATTCCAGTGACAAG,pyrD
pyrD_871,ATGCCGCCAACACCGATGAT,pyrD
pyrD_935,AGAATAAATTTGCACCAGTG,pyrD
pyrD_976,ACGATTTCTTTAATCAGCGG,pyrD
pyrD_979,GTAACGATTTCTTTAATCAG,pyrD
pyrC_10,CGGATCTTTAATACCTGGGA,pyrC
pyrC_14,GCGGCGGATCTTTAATACCT,pyrC
pyrC_15,GGCGGCGGATCTTTAATACC,pyrC
pyrC_33,GAAGGTGCCAGTCGTCTGGG,pyrC
pyrC_36,GGTGAAGGTGCCAGTCGTCT,pyrC
pyrC_37,AGGTGAAGGTGCCAGTCGTC,pyrC
pyrC_51,TGTCGCCATCGCGGAGGTGA,pyrC
pyrC_57,TTAACATGTCGCCATCGCGG,pyrC
pyrC_60,TTTTTAACATGTCGCCATCG,pyrC
pyrC_91,CCATAAATTTCGCTGGTATA,pyrC
pyrC_98,AGCCCGTCCATAAATTTCGC,pyrC
pyrC_130,GTCACGGGCGGAGCCAGATT,pyrC
pyrC_131,GGTCACGGGCGGAGCCAGAT,pyrC
pyrC_142,GCCTCAACGGTGGTCACGGG,pyrC
pyrC_145,GCAGCCTCAACGGTGGTCAC,pyrC
pyrC_146,GGCAGCCTCAACGGTGGTCA,pyrC
pyrC_152,CGCCACGGCAGCCTCAACGG,pyrC
pyrC_155,ATACGCCACGGCAGCCTCAA,pyrC
pyrC_167,AATACGCTGGCGATACGCCA,pyrC
pyrC_180,GTACGGCGTCAAGAATACGC,pyrC
pyrC_197,GAAATCGTGCCCGGCAGGTA,pyrC
pyrC_202,GGGGTGAAATCGTGCCCGGC,pyrC
pyrC_206,CAATGGGGTGAAATCGTGCC,pyrC
pyrC_221,TAAATAACAGGTCATCAATG,pyrC
pyrC_222,TTAAATAACAGGTCATCAAT,pyrC
pyrC_223,GTTAAATAACAGGTCATCAA,pyrC
pyrC_233,CAGCGAATCTGTTAAATAAC,pyrC
pyrC_259,AATCCGCGCTCCAGCTCATT,pyrC
pyrC_299,TGCCGGGTAAAGTTTTGCAG,pyrC
pyrC_315,AGTTAGTGGTTGCGTTTGCC,pyrC
pyrC_316,GAGTTAGTGGTTGCGTTTGC,pyrC
pyrC_329,CACGCCGTGGCTGGAGTTAG,pyrC
pyrC_338,AATTGACGTCACGCCGTGGC,pyrC
pyrC_342,CGTCAATTGACGTCACGCCG,pyrC
pyrC_373,TTTTCCATGCGCTCAAGTAC,pyrC
pyrC_406,ACTTCACCATGCACCAGTAG,pyrC
pyrC_490,GCAGTCAGGCGCTGGCGCAG,pyrC
pyrC_498,CTTTCAGCGCAGTCAGGCGC,pyrC
pyrC_504,AAACGACTTTCAGCGCAGTC,pyrC
pyrC_539,ATAGTCGGCAGCATCTTTGG,pyrC
pyrC_542,GACATAGTCGGCAGCATCTT,pyrC
pyrC_554,ATTTCCGTCACGGACATAGT,pyrC
pyrC_564,CCAGCCGTTCATTTCCGTCA,pyrC
pyrC_590,CAGATGCTGCGGAGTGATGG,pyrC
pyrC_593,CATCAGATGCTGCGGAGTGA,pyrC
pyrC_601,CGGTTAAACATCAGATGCTG,pyrC
pyrC_621,CTCCAACCAGCATATGGTTG,pyrC
pyrC_627,GCACGCCTCCAACCAGCATA,pyrC
pyrC_652,ATGGGTAGACAATACAGGTG,pyrC
pyrC_657,TGAGGATGGGTAGACAATAC,pyrC
ilvC_33,TGCCCAGCTGTGCCAGCTGC,ilvC
ilvC_72,CGCCATCGGCGAATTCATCG,ilvC
ilvC_86,CTGAAGGTAGCTCGCGCCAT,ilvC
ilvC_102,TGACTACTTTTTTACCCTGA,ilvC
ilvC_153,AATCACGCATGTTCAGGCCC,ilvC
ilvC_159,GACCAGAATCACGCATGTTC,ilvC
ilvC_191,CGCTTCTTTACGCAGAGCGT,ilvC
ilvC_218,ACGCCAGGACGCGCGCTTCT,ilvC
ilvC_233,ATTTTCGGTCGCTTTACGCC,ilvC
ilvC_248,ACCCACTTTAAAACCATTTT,ilvC
ilvC_288,TAATCACCAGATCCGCCTGT,ilvC
ilvC_312,AGTGCTGCTTGTCCGGCGTC,ilvC
ilvC_319,ACATCAGAGTGCTGCTTGTC,ilvC
ilvC_350,GTCTTTCATCAGTGGCTGTA,ilvC
ilvC_358,GCCGCGCCGTCTTTCATCAG,ilvC
ilvC_429,TCACTACGGTGATATCTTTA,ilvC
ilvC_443,TTTCGGCGCAACCATCACTA,ilvC
ilvC_460,ACTTCGGTGCCTGGGCATTT,ilvC
ilvC_468,CTTCACGCACTTCGGTGCCT,ilvC
ilvC_469,TCTTCACGCACTTCGGTGCC,ilvC
ilvC_476,TTTGTACTCTTCACGCACTT,ilvC
ilvC_514,GGGTGAACGGCAATCAGCGT,ilvC
ilvC_534,CGCCTTTCGGATCGTTTTCC,ilvC
ilvC_535,TCGCCTTTCGGATCGTTTTC,ilvC
ilvC_547,ATCGCCATGCCTTCGCCTTT,ilvC
ilvC_572,GGTTGCAGCCGCCCAGGCTT,ilvC
ilvC_578,ACCACCGGTTGCAGCCGCCC,ilvC
ilvC_593,CACACCCGCACGGTGACCAC,ilvC
ilvC_603,ACGATTCCAGCACACCCGCA,ilvC
ilvC_626,AGATTTCACTTCCGCAACGA,ilvC
ilvC_651,GGATGGTTTGCTCGCCCATC,ilvC
ilvC_668,CTGCAACATACCGCACAGGA,ilvC
ilvC_672,CAGCCTGCAACATACCGCAC,ilvC
ilvC_734,TTTTTCTGCGTATGCTGGAT,ilvC
ilvC_739,ATCAGTTTTTCTGCGTATGC,ilvC
ilvC_779,CTGTTTCAGTGCTTCGGTGA,ilvC
ilvC_785,GCCGCCCTGTTTCAGTGCTT,ilvC
ilvC_812,AGAGAGACGGTCCATCATCA,ilvC
ilvC_813,TAGAGAGACGGTCCATCATC,ilvC
ilvC_825,GTTTCGCCGGGTTAGAGAGA,ilvC
ilvC_837,CATAAGCACGCAGTTTCGCC,ilvC
ilvC_838,GCATAAGCACGCAGTTTCGC,ilvC
ilvC_892,TCCATATGTTTCTGGAACAG,ilvC
ilvC_893,GTCCATATGTTTCTGGAACA,ilvC
ilvC_894,CGTCCATATGTTTCTGGAAC,ilvC
ilvC_900,TGATGTCGTCCATATGTTTC,ilvC
ilvC_926,CATACCGGAAGAGAATTCGC,ilvC
ilvC_941,GGCCCAGTCCGCCATCATAC,ilvC
ilvC_962,CAGCAGTTTCTTATCATCGT,ilvC
ilvC_986,TTTGCCGGTCTCTTCACGCC,ilvC
0_983,GATAGTGGTAAATCCCCGAA,0
0_980,CTTCGTGGCTCGACGTGCCA,0
0_987,CAAGAGATCTCGGCTTCATG,0
0_984,AGTACTTCTCAACGGAAGTA,0
0_989,ATAGTAGTGGTCTACGTAAC,0
0_988,CGTACATCAAACACAATAGC,0
0_618,TACACTTGAACTACCGCGAG,0
0_349,AGTGTCATTGTTGAATTCTA,0
0_345,ATAGGATCCCGCATGGTCCG,0
0_347,GTCACTTACGGAGACCAGTG,0
0_341,GGAGTGATGGGTGAGTGCTG,0
0_340,GTGCGTTATTCGTGTCCAAC,0
0_343,ATGGGAGAATTTATGAAGCT,0
0_342,AACTGATTTACTATGCGTCC,0
0_1220,ACATCAGGTCACGCCGTGTT,0
0_1221,GTGATGTGCTAGGACCACCG,0
0_1223,GGCAATGGCCTCGTCATTCA,0
0_1224,AGATCGACCTGGCTCGGCTG,0
0_1226,TCTATTATCAAGTTACCAAC,0
0_507,AAATACTAATCCGGGGTTTT,0
0_506,AAGATCTGGTTGAGTGTTAG,0
0_503,AGCGGTTGGAATCATGCTGT,0
0_501,CGTCCACACGGCTTTCATGC,0
0_509,TATGCCCCCTATAAGTTAGA,0
0_508,CCCTATCTTCTGAAAACAGA,0
0_1598,TTAGGAAGGGCCGGACACAG,0
0_1590,GCCACAAGTGTACCGGTCTC,0
0_1597,AAGAGCTATAACCGAAGACT,0
0_1595,TCTTAGAGCTCCGCTGTGGT,0
0_189,AGGGCCTATTTATGTATATG,0
0_188,ATGTGTAGTCAATCGACGCT,0
0_1358,GGGGATATATATCCACAAAC,0
0_1359,GCCCTAGCTGAACTCTCGCT,0
0_180,CGTGAACTTTAGCTGGCTCT,0
0_187,GACCAGTACTCTACCAGGAC,0
0_1352,TCGGTGCAAGCTCACGTATG,0
0_1353,GGCATCGCCGTAAACATATG,0
0_760,TATATAATTGTTCTACGTGC,0
0_766,ATAGCTAATACTATGGCAGC,0
0_764,CTGTGTGTTCATCGGAGGAA,0
0_1578,GCTCTCTTTCAGTGGTCCCC,0
0_165,CTGTACATACTGATTAAATC,0
0_164,AAGGCGCGTAAACACCTATC,0
0_167,CCGCGGAGCGTCTCAGCTTT,0
0_166,GTATCGTGTCGCACGGCTTC,0
0_163,AGCAGCGACCCCCTGCGAAT,0
0_162,GATGTGTCACCTTCCACTGA,0
0_38,GACCCTGGTAGGGGATGATT,0
0_39,AGGTTATCTCCTACAATTAG,0
0_31,TACTATCAGCTAGGGCAAGT,0
0_32,ATTGCACGACCCGGTGGAGT,0
0_34,AAGCATCTTCCACTCTATCC,0
0_35,GTGCAAGAAGTTCGGGCCCT,0
0_36,GTTTACGTCTATTACCCTTC,0
0_1170,TATACCTACCCTGTAGGAAA,0
0_1171,GAGTGGATGTTAGATAAGTG,0
0_1172,GTGCCCTCAGAGTTGGTCAC,0
0_1173,CTCAGCATAGGTAGTCAATG,0
0_1175,AGGCGTCAGGAGAAGTAGTC,0
0_1176,CCCTAATCAGATTCGTCTAG,0
0_978,CTGAAGGAACAAATGCTATT,0
0_979,GCAGACAAATAGATAGTATA,0
0_974,GGTCTGATCGGTGTCCCAAT,0
0_970,TTAGCGGCAAGCTCCTAGGC,0
0_971,GGATATATGATGCTCCGGGT,0
0_888,AAACCAAGGCCGGCCGGCGT,0
0_881,CTGGGAGCTTCGCAGCCCTG,0
0_886,AAGCGGTATAAGGGCTCAAC,0
0_884,CTGTGTGTAACCATAGAGAC,0
0_885,GTCAGGAGGCATTATGTAAT,0
0_392,CCAGGATCCAAAAAGGTACG,0
0_393,TCCAGCTTCTAGTAAAATAC,0
0_390,GCCCCGTTACAGCTCCAAAA,0
0_397,CGAGATATAAACAGCCACGC,0
0_395,ACACCCATTCTTTAGCAGCT,0
0_371,TCGATTTGTCCCATCAAGTT,0
0_372,ACCTCACCGGGTAGAATACA,0
0_373,TTAGCCGTCACGCATCATAC,0
0_374,AGGGGTGTCGACATCGAGGA,0
0_375,TTTTGACCTCTCGTACACCT,0
0_376,AGCTAGTACTATGTGTGGTA,0
0_377,ATATCCAGTTAGCCGTTTAA,0
0_1211,ATGTGTGGACCGGAGGGTTA,0
0_1210,TCCTGCGTATGACTATCAGT,0
0_1212,CAGAGTTATACGAATGTCTA,0
0_573,GGAAGCCCTAGTTGACGCCT,0
0_570,TCGTACGATCTGAACCACGT,0
0_571,AACTTTCTAGCGAACTACGA,0
0_576,CCACTTATAACGCGCGGGAA,0
0_577,CTGTGGGGTATCCGTGCGCG,0
0_574,AAGTTGAGCATAGGACTTGT,0
0_575,AGTACGTGATATGCGTCAAG,0
0_578,GTACCTAGGGGTTGGGATCG,0
0_579,CATCTACGCCCCGTGGGGAG,0
0_1369,ACAAAGAACCGCTTGAAACA,0
0_1368,AATCAGGGGGTCACTTTATG,0
0_1360,CCCGTATCGGCTTCCATGCA,0
0_1363,AGTGCGCTTCGCATTCCGTC,0
0_1362,TCCGCGTGTGCTTGCTGACC,0
0_1365,TCAGGTTCTTGGAGTTAGCT,0
0_1364,GATTAACACGATAACCAGGC,0
0_1367,CCAAGGTTAACCGACACTTC,0
0_1540,CACCATGCTAGAGGGACGTC,0
0_1542,CGCACCCGAGCCTTTATCGT,0
0_1545,TCCCATTGAACTGTCCGTAG,0
0_798,AGGCTGAGGTCTTCTCGCAG,0
0_799,GGCTTATCCCTTTCTTAGCG,0
0_794,TTGGGTATACGGTTGTTTTG,0
0_792,GATTTCTAGGAGGACGCTCA,0
0_793,ATGAGCTTAGCCGCCATCTA,0
0_791,TGCGATTCTTATAGATGCCT,0
0_150,CTCGCTAACGTACAAAAATT,0
0_152,GTCAAATAATTTGGTTCGGT,0
0_153,TCAGCCTATTAATGGAATAG,0
0_154,CAGAGTCTAGACTGCCAACT,0
0_155,GCAGTCACTTTTTTAGGCGC,0
0_408,AGCAGAAATAGACACCGGGT,0
0_158,ACAAGGGGTAACAGGCAAAC,0
0_159,TGACCCGGCTAAACGGTTAA,0
0_404,CGATTAGGTAGCATGAACGT,0
0_405,CGCTGTAGACTGGCCAATCG,0
0_402,CTTGTAACACTCCGCTGGAC,0
0_1145,CATCTGCGTCGTTGCGTAAC,0
0_1147,TTTAAGGTCCTTAACTCGTT,0
0_1149,GAGGCCTTCAATTAGTCGAC,0
0_1148,GGGAAATCACGGTAGCCTCA,0
0_1450,GTATATCGGGGTTCCGTACG,0
0_1557,GAGAGTATTGTTAGGATATG,0
0_1554,ATGTAGTATGATCGCGATGA,0
0_1551,TTACATGCCTTGAGAACCAC,0
0_145,AACACAGACGTATTCCAAGG,0
0_144,TACACGAGCATTGCGTTGCC,0
0_969,TTCGAGTCCCGGTTACTGTC,0
0_968,TTCCTGTGGATTACTGGTAT,0
0_965,GAATTGCACGAATAGCTTTC,0
0_964,CCAGAATAGGCGGCGCGAGT,0
0_967,GGATCCTGAAGGGACACCCC,0
0_966,TCAAGCCGGAGATACGCCTA,0
0_960,TTGTACATCGTGCGGGTAAT,0
0_963,CATTAGGCCCAGGTCACAGC,0
0_962,GATGTATGTAAACCGTGTAT,0
0_413,CTCATAGGAGCCCGATATAC,0
0_412,GCGTGATGTGACTAGCATAT,0
0_245,AGAACACGCGATGCTATTAT,0
0_899,GACGTTTGGGTGAAACCATC,0
0_890,TTTGTGAGAGTTGATCGAGA,0
0_893,CTTCGCAACCCGGATGCACC,0
0_895,CCAATCACCTAGACACCCAC,0
0_894,TCACTAAGAGCGAGGTTAGC,0
0_246,TCCTCTCCGTCAAGATGCAA,0
0_247,TATGTCCTCCTATTTCTCTC,0
0_1018,ATGTTGGCCTACGCCATCAA,0
0_1208,TCCACTCTAACGATCCTATG,0
0_1209,AGGATCTGTCTTGTGTCCGT,0
0_1202,GACCGTCGTAATCTAATCTA,0
0_1203,TCTATCCGTGATCCGAACAC,0
0_1200,ACTCGTGGGAGGTCAAGAAT,0
0_1201,ACGAAGCCTGGTAAGCGTTA,0
0_1206,CTTCACTTCAGTGATGTAAT,0
0_1207,AAAGTATGCTCGTGGAACCT,0
0_1204,TCTCGGATCTTCGCAGCTTA,0
0_1205,AGCATTTATCCAAAGCTTAC,0
0_561,CTCCTCGGCACACATTATAT,0
0_563,CCTGTGACCACTAATTAATA,0
0_562,GTCTTCACGTAGTCTAGGAC,0
0_565,CAGTAGTAGTTTTCTAGGAG,0
0_569,TCAGCCTCCTTGGCCAAAAC,0
0_568,GTTAGCCTTCGAGCCACTCG,0
0_1372,TCCACTTCTTTATTGGGTAA,0
0_1370,GGGAAGAGTGTAAGGGGCAT,0
0_1371,TGGGATGGTTTAATACGCGG,0
0_1378,GGGGTCCGTCTATAAAGAGA,0
0_367,CATCAATAGGGCAGGAACAT,0
0_365,ACGTGTGTAATTTGATCATC,0
0_362,TCACGAGTACTACGTCCGTT,0
0_361,TTAAGAAAAGGGGAAGATCT,0
0_360,AGGGGAGTATAAGGTTGGTC,0
0_369,TGGGTACAATATGTTTAGAA,0
0_788,CTCAGGGAGCCCTCTGTAAG,0
0_785,ACCGACTACTGCCGTTACGC,0
0_784,GTGGACACATGTGGGTATAC,0
0_787,CTAATCAATTGTGGATCGGG,0
0_780,TTGGGCAAGATACATGAATT,0
0_783,GGATTCATGCCATATCAAGG,0
0_782,GAGGTTGCTAGTTCTTCGAA,0
0_418,CTGCACAGTTTCAAACCATT,0
0_415,TGGATACTACGATGCCAATT,0
0_414,CATGTGACCTTATCTAGTTC,0
0_417,TTCATAGACGCTCTTGACCA,0
0_410,CACCGGAGTAGGGTCGCTCC,0
0_1151,CCATCGGGGGCTATGCTAGT,0
0_1156,TACATAGCGGACACCCAGGC,0
0_1155,CCTTCAGAAGGGTGCGTTAG,0
0_613,GGATGTATTCCGCAACGCCG,0
0_617,TCTCTTTTAGTTAAGGACGC,0
0_616,TTCCTCTACGGGGGTTGGCA,0
0_615,TACTCCAGTCGAAAAGCACC,0
0_196,GGGCTATATGCTATCCGGGG,0
0_958,TACCACTATTGCACAGCATC,0
0_950,ATATGAATATCCTACGTCTG,0
0_952,ATTACTCCACCTAGGTGCTA,0
0_953,CTCTCATGGGGCTTCCAGAC,0
0_954,GACACCAAGTAGTGTCGCCT,0
0_957,CTTACAACTTTGATCCCGGT,0
0_1129,TATCCGGGAGCGTTCGAAGT,0
0_357,CGGGTTCTTCGCCACCACAT,0
0_1052,CAAATTAGCTTGTTTGGATT,0
0_354,GCCGGATCTCATTGCGCAGG,0
0_228,ACCTGTCTAGCTCAGCCGGC,0
0_229,TATTCCTTAATGGGATGGGA,0
0_226,TTGGATCGTGACCTTTGGGT,0
0_227,TTATCGGACGAAGCCGAATC,0
0_224,GACGTGAGCCGCGAATTCGC,0
0_225,GCCAGTCCTTAGTTTACCTC,0
0_223,AGACGATGATGCCCGCGTTC,0
0_221,CTAACTCGAACAGCTACCTA,0
0_1092,CAACAAGACAGGCCGCACAG,0
0_1095,AGAAGCGACGTAACTTCCCC,0
0_1094,TTGTAAGACCTCACTCGTCC,0
0_1098,GTATAGTAGACGTTAGCGAG,0
0_1302,AGATTATCCCCTATTATTAC,0
0_1300,GAAGGGTCTTGATGATTCGT,0
0_1307,TTTTGTCTAACGTTCGCACG,0
0_1306,ATAACTGACAACCATCCAAG,0
0_1304,ATTGTACACCGTACGTGCGT,0
0_1309,GAACTTCGAAAGGACGGATC,0
0_312,GACAAACGGTTCCATACGAG,0
0_310,TCTGATATGTTAGGTATCGG,0
0_316,GTACACTAAATTGAGAATGC,0
0_317,ATGCAAAGTTGCTCCGAGAA,0
0_314,ATGATTGAGCGTGGGGGTTC,0
0_315,CTCCCAGAGGGGAAAGAACG,0
0_318,AAAGGATAGCGCTCGCCTTG,0
0_319,GCACCGCCGCGTTTTATTTA,0
0_1529,CCTACTTGGAGTTCGCGGGT,0
0_1528,GCCCCCGCGGAAGTACGTAA,0
0_1523,GAATGGGAGGACCCACAAGC,0
0_1522,CTAACCCGGGGAATGTACAT,0
0_1521,TAACGATAAGGGTTTGTAGT,0
0_1520,AACGTGCCGTATGCTTGTGA,0
0_1526,TGGTAGACAGCACGTAAAGT,0
0_428,AGAATTGACAGTAACTGTGT,0
0_429,TGACCTCCCATCCCTAATCA,0
0_139,CCCCACATTGGCACATTCCC,0
0_137,CCGCGCCAAAACCCCCAGAG,0
0_134,TTGGTACCTGCTAGCGTTCA,0
0_135,GTGACTGGTTTCAAGCGCGG,0
0_1419,TGGCCATAGCATAAACTTTG,0
0_1418,GTTGCCCTATTCTAAGTCAA,0
0_1417,GTTCGAGCCTGTGCGCTCTA,0
0_1415,ACCGACAGGTCTGTATGCTT,0
0_1414,CAACTTCCCTGCCCTAACAT,0
0_1412,AGGGCCACTTACTACACTGA,0
0_1410,CCTTATACATATTTGACAGC,0
0_89,CCCTCTCGAAATGTACGGAC,0
0_80,CTTTAGCCATCCCAGACTGT,0
0_83,AGGGCAAAGCTCCACTCTTA,0
0_82,TCACAGGCCCCCCTTTATTC,0
0_85,ATAGTACTGTCACAGTATAT,0
0_84,CTACGCCACGGAACTACTCC,0
0_87,GCCAGCGGAGATTTGCAGCG,0
0_263,CCTAACCCCTCAGTCACACT,0
0_266,CTCACGCCATCGCTCAGTCG,0
0_267,CTAAGTTGAGTAGGGAAAGC,0
0_264,CATGCGTGTGTTTTCTAGAT,0
0_1354,CTAAGCCTATTATAAGGGTA,0
0_182,CGAAGCCCTATTGAGAGGGG,0
0_1356,ACTTTTTGACTTGCCAAAAT,0
0_1357,CGGGATAATAGGGGTTCGCT,0
0_1351,CAACCCAGAGGTCCAACGGA,0
0_1575,GAAAATGCACTTGTTACTTC,0
0_1576,TTGAGCGCAGAAAATATGGG,0
0_946,TCTGTTCGAAGACAGCGTAG,0
0_945,CATGCTGACCGGGTCACAAC,0
0_944,CACCCGGGCTACAGAGGTAG,0
0_943,CCGTGCGTCACATGCCGTTT,0
0_942,CTCGTTGCTTATGAAGTAGG,0
0_941,TTAGCTATAGAGCTAGTTCC,0
0_949,ACCCTTGTTTAGACTTTCTT,0
0_1572,ATCCAGACTGAGCTTAGGGT,0
0_1536,GACGGGCGAGTACAAAACTA,0
0_549,ACGTCGCCTACAAGGCCGTA,0
0_548,TGGTCCAAGACTTCCGTCAA,0
0_239,TCTATGCGGCACAGGGTCTG,0
0_238,TCCTTCTTACCAGAGGTACC,0
0_235,ACTCCACCGGCTACGTCTGA,0
0_231,AAGTTCAAGCAAGCCTGCAC,0
0_230,CTGCAGTATTTGATTTGACG,0
0_233,CCGGTTAGAGGCGCTTTACC,0
0_1080,GATCGTACCTGGGGTCTGCC,0
0_1082,CTGGCCTCCGATGCGACAGC,0
0_1084,TAGCTACTCATCTTCGGAGG,0
0_1089,CCGAGAGCACGGGAGCTGAG,0
0_1310,TTCGTGTGTTGGTCAAACAT,0
0_1313,GCGGTACTGACATCAGACCT,0
0_1314,ACGAAGCGACAGGCGTATGA,0
0_1315,TTTAGGCCGTTTGCATTTGA,0
0_1318,GTCGTGCGTGCTACGAGTCA,0
0_1319,GCGGGCACATGGATTGCACC,0
0_300,TGTCGTCACGTGGTGCAGCA,0
0_305,GCCCGCTGTAACCCCCGTAT,0
0_306,CATACGTCTAATTCGTTCAA,0
0_309,CGAGGGTGAGCACTGCTCTA,0
0_437,GCTCCAGTGTACGGAGAATT,0
0_436,CGTCTGTCATTCGTCAGTCG,0
0_434,TCCGGACAGCCTAAATCCTT,0
0_432,AGTATGCGAACTACTTCAGG,0
0_431,GCTAGCGGGGTTCATCAGAG,0
0_430,GGGAGTCGCGTGACGTTCGA,0
0_1530,TCCTCGTTGAAGGGAACCTC,0
0_1531,AGGGAAATTATCATGCGGAA,0
0_1533,TTACAGTGTAACACGGCCCC,0
0_1534,GAGTCATGCTACTCGCTCCT,0
0_1535,CGAGTTAAATGATTGCGGCT,0
0_439,GTACGAGAGTCTAGGATCTC,0
0_438,ACGGGAAGTCTAGATTGCGA,0
0_129,GAACTCTTGTAGCCTCCTCT,0
0_121,CTGTGTTCATACTTTAACTT,0
0_122,CTTATGACTGTGTTCATTCT,0
0_125,GACAAAACATGAGTGAATAC,0
0_124,TGAACGATAGCTCGAAATGT,0
0_127,TGAATGATTGATAGCTCACA,0
0_126,GGCCGGACCAAGAACAAAAC,0
0_1408,ACTGTCAGTACCCTTCAGGG,0
0_1404,AGAGCCTCGTACCCCTATAT,0
0_1405,TATATCATAAACTGGAGTCC,0
0_1406,ACGATCAGATAATTGGAGCC,0
0_1400,GTAAGAACACGTACGACCCG,0
0_1401,ACGAGTCCGTTTATGTATTT,0
0_1403,CCCACGTTGTTCATCGGCGT,0
0_98,ATCTCCAAGGCTGCCCACAA,0
0_92,GTGCGACTACCAGTTTTCAT,0
0_90,CTTCACTCCACCGCTCACCA,0
0_97,TATGTGTTGTTTGAGCGAGA,0
0_932,TCTAGCGTTTAAGCCCCGCT,0
0_933,CTATACCCAAAGCTCCGTCG,0
0_930,ACTAAGTCAAAGATCTCTTG,0
0_931,TATTCTACTGACGCAACGCT,0
0_937,GACACTGTAGCGATCAGGTT,0
0_938,CACGCCCCGACTGAGTGGGT,0
0_939,TTAATTGAGTACTCGCATAG,0
0_848,GCGAGTTGACCAATCGAGGC,0
0_847,GATTCGTTAGGTTTGAGGTT,0
0_844,CTCGCTCACATGACCTTTAC,0
0_842,CCTAGGTTGCGGTCGCTCGC,0
0_843,GTGTGACCTTTCTACCTTCT,0
0_840,ACCTACTCTGGGTCTTTATA,0
0_841,TTGGAAGCGTCCCCTCGCCC,0
0_1328,TCGGTACTCGACGAGACTGC,0
0_142,TGAACCATGTGGCGCCTAAC,0
0_1396,TACATCCGATCGGGAATAGT,0
0_208,AGACAGTCTAAGAAACTTCG,0
0_115,TCCTTTGTTCGTATCCAACA,0
0_201,TGCTATGCACCAACAACAAA,0
0_203,TAGATACACTCGACTCTTGT,0
0_205,CTAAAGTTAGAAGAGGCCGT,0
0_206,CGGAGCTACAGGTGGGCCAT,0
0_207,CATTGGCGAGTTGCGCTTTG,0
0_117,GGGTATCATAGGCCTACATT,0
0_110,GCCGTTCCAGCATTTGAACT,0
0_1329,ACCTATTTCCAAGCTAGTGA,0
0_112,TCACTTCGGCAGGGACTCTA,0
0_1325,CATACAGCTCGTTTACAGTC,0
0_1324,ATACTATCCCGCATACGGAT,0
0_1326,CCTCCCATCATGTCATGTCT,0
0_1321,CCACCATTTACGCTGTAGGG,0
0_1320,ACTATCATAATCGGCGTGCT,0
0_1323,GCCGCCCTAGGGGATCTGTT,0
0_1322,ATTACTGAACGTCAGCGTGG,0
0_334,CCATATGGGTGAGTCACGAA,0
0_335,CCCCTGCTGTTAATCCAGTG,0
0_331,CTCCCTGACGAGCACATTTC,0
0_332,GGCGCGACATGCTCAGGTCC,0
0_443,GGGTAGAAGGGTACCTGACG,0
0_116,TGAACTACCAAGCGCGAGTC,0
0_441,TACGAGGCGGAAATACCGTC,0
0_444,TGTCATATCTGAGTTCATCT,0
0_445,TAGATTTGAGCTCGGATCGT,0
0_448,GTTTCGCTTGGATAATGCTC,0
0_118,AAGACTTGCTTGGCAGTCTA,0
0_685,TGCCGAGGCCTTTCGCATCC,0
0_686,AGATACGTTGTTCACGTTCC,0
0_680,CTAGCTTCTTTCGTATGTAT,0
0_681,TCAACCATGAGTCGCGGTTC,0
0_688,AGAGAGGTTCTTGTAAGCGG,0
0_689,ATCTCTGAATCGAGCTACAA,0
0_1189,TCGGGTACTCTGGTCCGGGT,0
0_1188,TATAGTTAGGAGCGCAATGT,0
0_1186,CAGGATTTGAGTTGGGGCCC,0
0_1431,TAGTACCACCAAACGGTGCC,0
0_1430,CCAGTACTCAATATAAGGTA,0
0_1432,AGATAGACTAAGAAGTCATG,0
0_1434,TCCAGCTCAACATTGACGAG,0
0_1436,ATAGGTAAAAGGAGTTTTCG,0
0_524,AACCTCCTCCTATTTGGATG,0
0_591,ATCTTAAAATGGTGCACATA,0
0_592,GATCCCAAGGCGGGACAGCT,0
0_595,TGTCCTGTACCAACGCTGAG,0
0_597,GGTAAACACATAGTCGAAAG,0
0_520,ACGTGTCCTGCGTGAGTGCC,0
