sgRNAID,sgRNAseq,gene
thrCb0004_53,TTTGCCCAACCCCTGGGTTA,thrCb0004
thrCb0004_102,CAGTCAGGCTGAATTCCGGC,thrCb0004
thrCb0004_242,ATTGGCGACCGGAGCCGGGA,thrCb0004
thrCb0004_356,TGGCTTATCACCCGCAATAT,thrCb0004
thrCb0004_472,AGTGGACTGATTTTGCCTCG,thrCb0004
thrCb0004_736,AAATCGCCGAAGTTTCCGCT,thrCb0004
thrCb0004_833,GTCGTGCAGGAAACGTGGCA,thrCb0004
thrCb0004_928,CGGAACAACTCTTCCACACG,thrCb0004
thrCb0004_1064,ACGCAGCGCACGATAAGCTA,thrCb0004
thrCb0004_1241,ACGCAACGCAGCAAAATCGG,thrCb0004
yaaIb0013_75,CAATGGCGCCGAGGAGTTTA,yaaIb0013
yaaIb0013_139,CGTTTCACAATGCGACAAAC,yaaIb0013
yaaIb0013_176,TAACTGTAAATCGCCATGGT,yaaIb0013
yaaIb0013_227,CAGGCTCTGACTGGCGCTAC,yaaIb0013
yaaIb0013_228,TCAGGCTCTGACTGGCGCTA,yaaIb0013
yaaIb0013_246,TTATTTCTGAAGGAATATTC,yaaIb0013
rpsTb0023_32,ACGAGCCTTTTCAGACTGAA,rpsTb0023
rpsTb0023_69,AAGTACGCATCATAGAGCGA,rpsTb0023
rpsTb0023_166,GCAGCCTGACGGTCCACGAT,rpsTb0023
rpsTb0023_177,TCAGACCTTTAGCAGCCTGA,rpsTb0023
rpsTb0023_201,GACGTGCAGCTTTGTTTTTG,rpsTb0023
thrAb0002_101,GGCGGGGGCAGAGAGGACGG,thrAb0002
thrAb0002_104,TTTGGCGGGGGCAGAGAGGA,thrAb0002
thrAb0002_118,AGGTGGTTGGTGATTTTGGC,thrAb0002
thrAb0002_119,CAGGTGGTTGGTGATTTTGG,thrAb0002
thrAb0002_513,TGCGGCTTGCCGCAATACGG,thrAb0002
thrAb0002_862,ATGAGCGTACCTGGTGCTTG,thrAb0002
thrAb0002_1223,TTTCGCCGAGATCCCACGCA,thrAb0002
thrAb0002_1645,GAAGTGCAGTCAACAATGAC,thrAb0002
thrAb0002_2008,ATACCAGAAAGATCATCTCG,thrAb0002
thrAb0002_2438,GACTCCTAACTTCCATGAGA,thrAb0002
dapBb0031_18,CGGCTCCCGCGATGGCAACG,dapBb0031
dapBb0031_509,CGCCTCTCCCATTGCCAGTG,dapBb0031
dapBb0031_588,CAGGCACACGTTCACCGGTG,dapBb0031
dapBb0031_614,ACGCACGGTGGCAAAACCAA,dapBb0031
dapBb0031_626,GATGTCACCTGCACGCACGG,dapBb0031
lspAb0027_84,GAGCAAAGTTCTGGAGGATC,lspAb0027
lspAb0027_93,TATCCCCCAGAGCAAAGTTC,lspAb0027
lspAb0027_130,GCATAATGCAGATTAAGCGA,lspAb0027
lspAb0027_275,GATATTGTTTAGCTTCTGCG,lspAb0027
lspAb0027_342,CAACGAAGCCGTGCCACAGG,lspAb0027
lspAb0027_404,AGTATCGGCAAGGTTGAAGG,lspAb0027
lspAb0027_414,CACAGATGGCAGTATCGGCA,lspAb0027
lspAb0027_419,ACCGACACAGATGGCAGTAT,lspAb0027
lspAb0027_428,CAGTGCCGCACCGACACAGA,lspAb0027
lspAb0027_472,TATTGTTTTTTCGCTCTAGA,lspAb0027
fkpBb0028_68,GTTGCGGGTAGACTCGGCGG,fkpBb0028
fkpBb0028_74,ACCGTTGTTGCGGGTAGACT,fkpBb0028
fkpBb0028_111,AAAGAGAAGCATCACCCAGG,fkpBb0028
fkpBb0028_185,CGCATCTGGCTCCAACGAGA,fkpBb0028
fkpBb0028_305,CATCTCACTGCCATCCATTG,fkpBb0028
fkpBb0028_339,TGGAGTCGCCGTTAATTTCG,fkpBb0028
yaaXb0005_35,CATGGGAGCGACCAGAACCA,yaaXb0005
yaaXb0005_87,CTATCTGTAATTTTACTGAC,yaaXb0005
yaaXb0005_159,AATGTTGTTTCCACCAGCCG,yaaXb0005
yaaXb0005_207,GCGGTGGCGGCGGTCCGTGT,yaaXb0005
yaaXb0005_226,GCTTTCTTATGGTGGCGCGG,yaaXb0005
yaaXb0005_229,GGAGCTTTCTTATGGTGGCG,yaaXb0005
yaaXb0005_234,CATGAGGAGCTTTCTTATGG,yaaXb0005
yaaXb0005_237,GATCATGAGGAGCTTTCTTA,yaaXb0005
thrLb0001_38,CGCACCGTTACCTGTGGTAA,thrLb0001
yaaJb0007_17,CCAAAGGACGCTGTTAATGA,yaaJb0007
yaaJb0007_157,GAGGTTAAACCGCCTGGCTG,yaaJb0007
yaaJb0007_323,AAGTTGTGCCAGAGAACATT,yaaJb0007
yaaJb0007_494,AAAACTCAGGGCGCGGGCAA,yaaJb0007
yaaJb0007_602,GACAAAGCCCTGCATGAGCC,yaaJb0007
yaaJb0007_764,GTTAGTAATCGCCTGGCTTA,yaaJb0007
yaaJb0007_920,GCTTGCCGTACAGATGACCA,yaaJb0007
yaaJb0007_1088,ATAAATGTAGTTGGCAACGA,yaaJb0007
yaaJb0007_1212,CCAGTTGCCACATCAGCGGA,yaaJb0007
yaaJb0007_1351,TAACGCAATGGATCAAACAC,yaaJb0007
rihCb0030_18,CAATGCCGGGGTCAGTATCG,rihCb0030
rihCb0030_77,CATCAGTTGCAGGTCGAGTT,rihCb0030
rihCb0030_181,ACAGCGGCCCCTTGGGCGAG,rihCb0030
rihCb0030_285,CCGGTATCCCGAGCGGCTTT,rihCb0030
rihCb0030_343,GCCACCAGGGTAACAGGCTC,rihCb0030
rihCb0030_409,CGAATATACGGCTTGCATTC,rihCb0030
rihCb0030_572,AGGAGTTAATATTGCCTGAT,rihCb0030
rihCb0030_647,GCTACGGTAGTGGCTAAACA,rihCb0030
rihCb0030_735,AACAGGGTTTGAGAGTGAAC,rihCb0030
rihCb0030_832,AATGCCACCTGTACATTGGC,rihCb0030
dnaJb0015_96,CACCCTGGTTACGGTCCGGG,dnaJb0015
dnaJb0015_398,AGTCGGAATGCGGATCTCTT,dnaJb0015
dnaJb0015_484,TGACCAGAACCATGACAGGT,dnaJb0015
dnaJb0015_545,GCGGCCCTGACAGTGTGGAC,dnaJb0015
dnaJb0015_638,CACCCCTGCCGGGATTTTAA,dnaJb0015
dnaJb0015_760,TTGCCTTCACGCTCGAAAAT,dnaJb0015
dnaJb0015_786,TGATCGGGACTTCGCAATAC,dnaJb0015
dnaJb0015_890,ACGGAATAGCTTACCGGTCT,dnaJb0015
dnaJb0015_939,AATCACCCTGTGCGCCACCG,dnaJb0015
dnaJb0015_1072,TCAAAGAAGCTCTTTGAGCG,dnaJb0015
ribFb0025_33,CACACCCTTCTTGCGGGGCC,ribFb0025
ribFb0025_39,TCAGCACACACCCTTCTTGC,ribFb0025
ribFb0025_194,CAGTCTTGCCGGGGCTTTAT,ribFb0025
ribFb0025_365,AAAGCGGAAATCATCACCTA,ribFb0025
ribFb0025_455,TTCGCAAAAAGTTTGCGTAC,ribFb0025
ribFb0025_562,ACACGCCCGGAGATGGCAAA,ribFb0025
ribFb0025_645,CTTTCACCGGGGAAACCTGA,ribFb0025
ribFb0025_712,GTTCCGATGTTTGCCACGCC,ribFb0025
ribFb0025_810,TACGCAGCACTACTTGTATA,ribFb0025
ribFb0025_909,TTGTTAGCCCAAAAAATTCG,ribFb0025
mokCb0018_33,CTCTCTTCTCCTTGACCTTA,mokCb0018
thrBb0003_18,TCATATTGGCACTGGAAGCC,thrBb0003
thrBb0003_19,CTCATATTGGCACTGGAAGC,thrBb0003
thrBb0003_158,TGGTTCTGACGGCAGCTTAT,thrBb0003
thrBb0003_254,GATCGGCATATTCTTTTCCA,thrBb0003
thrBb0003_349,AGCAAACGAGTGTCATTAAG,thrBb0003
thrBb0003_532,GCCGTCGAGACTTTAATCCC,thrBb0003
thrBb0003_588,CGTGCGCAATGCAATCCTGG,thrBb0003
thrBb0003_638,CTCAGGCTGACGGGAATAGC,thrBb0003
thrBb0003_702,AGCCTGGCAGTAACCGTTCA,thrBb0003
thrBb0003_794,CTTGTCACACAGAGCGAACA,thrBb0003
dnaKb0014_24,CACAAGAGTTGGTAGTACCC,dnaKb0014
dnaKb0014_89,AGGCGTGGTGCGATCGCCTT,dnaKb0014
dnaKb0014_334,ACTTCAGCAGAAATCTGCGG,dnaKb0014
dnaKb0014_561,GGTCATAAACCGCGATAGTA,dnaKb0014
dnaKb0014_766,TTCAGGCGCTGCATTGCCAG,dnaKb0014
dnaKb0014_955,TCCTGCAGTGCAACTTTCAG,dnaKb0014
dnaKb0014_1099,CCGATTGCTACAGCTTCGTC,dnaKb0014
dnaKb0014_1254,ACACCTGGCTGTGCTTGGTC,dnaKb0014
dnaKb0014_1449,TATCTTTCGCGGAAACGTGC,dnaKb0014
dnaKb0014_1611,TGTGCAGCAGATGGTCGCCC,dnaKb0014
yaaWb0011_77,TTCATTATGGGTGAGCAATC,yaaWb0011
yaaWb0011_90,GAGTTTTGCCTTTTTCATTA,yaaWb0011
yaaWb0011_200,ACCAAAATGCTGTAATTCTC,yaaWb0011
yaaWb0011_311,AAACGTAGACATCTCTTTGT,yaaWb0011
yaaWb0011_374,TTCCTCGTCCATTTTCTTCC,yaaWb0011
yaaWb0011_509,TAAAATGCGGGTCAGTTGGC,yaaWb0011
yaaWb0011_522,CTGCGTGGGTGCGTAAAATG,yaaWb0011
yaaWb0011_536,AAGTACGCTCATTGCTGCGT,yaaWb0011
yaaWb0011_595,CCATTTAGTGCCGCACCTAC,yaaWb0011
yaaWb0011_687,CCTGAGTGGCGCTAACCATC,yaaWb0011
nhaAb0019_35,GATAAGAATAATGCCTCCCG,nhaAb0019
nhaAb0019_101,AAAGTCGTGATACCATCCAC,nhaAb0019
nhaAb0019_216,TAACTTCCAGACCGACTAAC,nhaAb0019
nhaAb0019_281,AGCGGCGATAACTGGAAATG,nhaAb0019
nhaAb0019_366,CCGGGATCGCCCACCCTTCG,nhaAb0019
nhaAb0019_445,AAAAAGATCTTCAGCGCTAA,nhaAb0019
nhaAb0019_609,CAAGAATATAGACGCCCGTG,nhaAb0019
nhaAb0019_768,AAATCAGATACGCCACCCAC,nhaAb0019
nhaAb0019_901,CAGAACAGACTAATCCCCAG,nhaAb0019
nhaAb0019_999,TAGTAAAACCGATACCGCAC,nhaAb0019
nhaRb0020_107,CGCTCGAATCTGTCCGGTAA,nhaRb0020
nhaRb0020_141,GTTTAAATAATTTGCCTTGC,nhaRb0020
nhaRb0020_317,TACGCTACTGACCAGGCGTT,nhaRb0020
nhaRb0020_368,TTCGAAGCAGCGAAGATGAA,nhaRb0020
nhaRb0020_457,TCCTGCTGCGTAGAGTCTAT,nhaRb0020
nhaRb0020_491,GCCACATTCGCCAATTCTCA,nhaRb0020
nhaRb0020_550,TCTTCCAGACAAGCCGGGAA,nhaRb0020
nhaRb0020_589,CCTAACATTGAACGTCGCCC,nhaRb0020
nhaRb0020_639,GGATTTCTACGTTTAATCCC,nhaRb0020
nhaRb0020_729,AGTCATATGCATAAAGCGTT,nhaRb0020
yaaYb0024_42,TGTATTCACACCCCGCAAGC,yaaYb0024
yaaYb0024_135,GTACCGAAATCAGAAAGAAG,yaaYb0024
yaaYb0024_173,TATACCTTGTACAGCGGTCA,yaaYb0024
yaaYb0024_179,TCCGAGTATACCTTGTACAG,yaaYb0024
talBb0008_38,GTCCCCAGTGTCGGCCACTA,talBb0008
talBb0008_47,TGCCGCGATGTCCCCAGTGT,talBb0008
talBb0008_268,ACTTCAGTTGAGATACGGCC,talBb0008
talBb0008_342,CATCGTTGTAGAGTTTGATC,talBb0008
talBb0008_407,TGCAGCACGGATACCCTGCC,talBb0008
talBb0008_468,CCTGAGCGAAGGAGAACAGC,talBb0008
talBb0008_601,TCAGATACAGAAACCACGCC,talBb0008
talBb0008_630,AACCGTGCTCTTTGTAGTAC,talBb0008
talBb0008_720,GTGCCGGTGCGATGGTCAGA,talBb0008
talBb0008_817,TCGGACTCAGTGATACGCGC,talBb0008
ispHb0029_21,CCCCGGCACAAAAACCACGC,ispHb0029
ispHb0029_22,ACCCCGGCACAAAAACCACG,ispHb0029
ispHb0029_38,GCTGATAGCGCGGTCTACCC,ispHb0029
ispHb0029_126,GCAAGCTATCGACCACATAG,ispHb0029
ispHb0029_215,CGCCTGAGAAACACCGTGTG,ispHb0029
ispHb0029_289,ATATGCACTTTGGTCACCAG,ispHb0029
ispHb0029_333,TGAGAATAGATTCTTCGCCA,ispHb0029
ispHb0029_494,ATCCACCGACAGCGTGGTCT,ispHb0029
ispHb0029_555,TGCGCGGACCGACAATTTTC,ispHb0029
ispHb0029_626,AACTTCCGCCTGTTCTGCCA,ispHb0029
carAb0032_56,CGCCGAACCTGTTGCCCCTA,carAb0032
carAb0032_110,AGTGAGGATTTCTTGATAAC,carAb0032
carAb0032_203,TACCTGAGAAGATTCTTCAT,carAb0032
carAb0032_276,AAGAGAGGTCTTCGGTATTA,carAb0032
carAb0032_440,ATTCAGACCTGGGAACGCGC,carAb0032
carAb0032_491,TGTCCAGCTATAGGCTTCTG,carAb0032
carAb0032_571,TCATAAGCCACGACGTGGAA,carAb0032
carAb0032_739,GCGGTAATGGCGTAATCGCA,carAb0032
carAb0032_774,ATACCGGAATATCGGTTTCG,carAb0032
carAb0032_1036,TGCCCCTGGAAGCTGAATGC,carAb0032
mogb0009_131,CTGCTCATCGGGGATTAAGC,mogb0009
mogb0009_231,GCGTTACGTCACGACGCGCC,mogb0009
mogb0009_254,CGCTACTGCCAGCGTCGCAT,mogb0009
mogb0009_289,CGCATCTGTTCACCAAAGCC,mogb0009
mogb0009_334,TGACGCGAAAGGATCGCAGT,mogb0009
mogb0009_345,TCACGCCCACCTGACGCGAA,mogb0009
mogb0009_398,TTTAATAGACTTCGGCTGAC,mogb0009
mogb0009_479,CTGAATGCAGTACGGTACGC,mogb0009
mogb0009_532,CTGAATGCTGCAACCACTTC,mogb0009
mogb0009_556,ACGTCGCGTCTTGCACTCTT,mogb0009
satPb0010_62,GTTGTGCAGGTTAAGCAGAA,satPb0010
satPb0010_75,CGAAATAACCCACGTTGTGC,satPb0010
satPb0010_272,GAACTGTGCATTTGGCGCAT,satPb0010
satPb0010_280,ACACCAAGGAACTGTGCATT,satPb0010
satPb0010_294,ACAGACCCAGGTAGACACCA,satPb0010
satPb0010_306,TAAATACGCCCCACAGACCC,satPb0010
satPb0010_539,GGATTCACCAATCGGCAGAA,satPb0010
yaaAb0006_19,TGGTAATCAAGCGTTTTCGC,yaaAb0006
yaaAb0006_73,TGGGAATTGTCTAACAGCTC,yaaAb0006
yaaAb0006_130,CGCATCAGCGTGCTAATCTG,yaaAb0006
yaaAb0006_182,CTGCCAGTCATGAAAGCGAG,yaaAb0006
yaaAb0006_284,ATCGAAATCGTCTTCGCTGA,yaaAb0006
yaaAb0006_357,AAGGCTGCATTAAATCGAGC,yaaAb0006
yaaAb0006_414,ATTGATACAGATCTTTCCCT,yaaAb0006
yaaAb0006_557,GAACACCGGCTTGATAATCT,yaaAb0006
yaaAb0006_571,TTCTTCTCATCGAGGAACAC,yaaAb0006
yaaAb0006_674,ACCAGTCAGTTGCTCTGGTT,yaaAb0006
ileSb0026_21,ACCCTGTTTCCGGCAAATTC,ileSb0026
ileSb0026_920,GTCGAAGCCCATAAACGGAT,ileSb0026
ileSb0026_1058,GTCCGGGCCAACCGGGTTAG,ileSb0026
ileSb0026_1406,CAGTGACATCGGTACACCCC,ileSb0026
ileSb0026_1582,AACCATACATCCAATGTGTC,ileSb0026
ileSb0026_1784,CTTGCGGCCCTGACCATCCA,ileSb0026
ileSb0026_1995,TTGCTGGATCAAAACCGTTC,ileSb0026
ileSb0026_2244,CGATGTGATATAGCGCAGTC,ileSb0026
ileSb0026_2483,CGAGCCACCCACTTTCTTGT,ileSb0026
ileSb0026_2786,CTTACGTTTTTCACCGTCAC,ileSb0026
NC_983,TACTATCTGGAGTACGCTGG,0
NC_982,ATTTACGTCGTCGACGAAAC,0
NC_986,GGTCCCATTATCAAGCAAAA,0
NC_984,CTACTGTCCACGTTTCCCCA,0
NC_989,AGTGTAAACGCAAGGTACCG,0
NC_988,CTAACAAATCGATAAGGTAG,0
NC_349,TTTAGTAATGACACGCGATT,0
NC_348,CCTCCGAGCTCCTATTACGT,0
NC_344,AGGCCGTCACACATGGTTGC,0
NC_347,AACAAGCAGCTCTGCTTCAA,0
NC_346,CCATAAGTCAAGACACCAAG,0
NC_341,TGATATTGTGCACTGTCCGA,0
NC_340,CACCTATCTTTGCCCCCACT,0
NC_343,GGTCTGTATCTTAAGTTGAT,0
NC_1220,CGAGAGCCCTTGCCCCGTGC,0
NC_1222,ACAAACGACGGCCGCAAAGT,0
NC_1223,GGTCAATCTGGGGTCTCTTC,0
NC_1225,ACTGTGGCATCAAAAGGGTG,0
NC_507,CCAACTCACTGCCGTCCCAT,0
NC_503,GAGACCTCCGTGCACACTTC,0
NC_502,CGCCGTGTAGCGACATTCAC,0
NC_501,CTGGACGCTAGATATTCCAA,0
NC_500,CAACTCTCACGTATCCGAAT,0
NC_509,AGGTGTATCGTGTAAATACT,0
NC_508,GACTCAGGCCGCTAACGGAT,0
NC_1599,ATTAAGGCGGTCTGATGACG,0
NC_1592,TCTTCCGCCTGTCGCCAAAC,0
NC_1590,TGACGCATCTAACAAAGTAT,0
NC_1591,CACAGTTACTAGATTACCTG,0
NC_1596,CCGCCCCGATACAAGTGCGT,0
NC_1594,CAATTATATGCCGGTTATCA,0
NC_1595,TGCCGTGTGACGCGTACCGT,0
NC_189,TCTCCTTATCGTGGGCGACG,0
NC_188,CACGTAACGAAGACTCGACT,0
NC_1359,CCGCTTTCGCTTGCACAGAG,0
NC_1355,CATCCATCCTACGGACTGTC,0
NC_181,GTTTTTCTGATAAACCGACG,0
NC_180,CGGTGTTATCTCAGAACCGG,0
NC_1352,GATAATGACAATTGCGAACA,0
NC_760,TGATTACAAGTGGTCGGGCC,0
NC_766,GTATCAACGGGATCCTGATT,0
NC_764,TCCAAGGACTTCTTAGAGAT,0
NC_1578,GCTCCAAAGACTGCCGTTCT,0
NC_1579,GATCGCGAAAACATGATAAC,0
NC_165,CCATCTTAGATCTACCACTT,0
NC_164,CTAAGTTCAGGAAAACTCGG,0
NC_167,ACCAGTCCTTTGAGTAGGCT,0
NC_166,CCCTGGTATATCGTATCCTT,0
NC_161,CGAAGCTTTCATGTTAGACT,0
NC_160,ACCCGGGATCCCTCATCGTA,0
NC_163,TGCATGATTCTGCGTACGAG,0
NC_162,CTGTTAAAGTGAACCGAGTT,0
NC_169,AGCATGCACTCCGCCTTTAT,0
NC_168,AGTTCAGATTCGTATGTTGC,0
NC_30,TTGCGTTTAGATGGATGAGA,0
NC_31,CTACGAGGGTCTACGGATCA,0
NC_34,GGGTTCCGATACGAAGCTTA,0
NC_36,ACAGCGTGTCGATTAGGATC,0
NC_1178,TGTTTTGCGATTTAGGACCT,0
NC_1179,TTGGTCTTCTAACCCCACGC,0
NC_1171,TGGGGACCCGTCGGTTATAA,0
NC_1173,CTCCAACCACGGTGAAGCTT,0
NC_1175,TTGTGGCGCTCTGCTAAAAA,0
NC_1176,GCGTTTAAAGTACCAGTTGT,0
NC_1177,TTGCGGAAACCTGGCGAGCC,0
NC_977,GGTACAAGCCGTAGTGAGTA,0
NC_974,AGACCGTGATAGGGATATAA,0
NC_972,TCTGGGGGGTCGGGACATTT,0
NC_973,AGAACTGACGGGTCGTGAGT,0
NC_970,CCGCTATAATTTCTATCCGC,0
NC_971,CCACTTGGCGGCTAGCAGTT,0
NC_888,CTTAGAGGCGGCTGAGCGAT,0
NC_889,TGGTTCTACGTGGCAACAAG,0
NC_882,GCAGCAACTCGTCCTCATTT,0
NC_883,TGATCTTACGTGTTAGTCTG,0
NC_880,AGATTCTTACCTTGCGAAGT,0
NC_881,GAGCCTTAGGAAGGCAGCCC,0
NC_886,CACACCCTGGAAAGCGCTGA,0
NC_887,GGATTCGAGGGGTGCTCTCA,0
NC_884,GATGGTCCGCGGGCTGTCTC,0
NC_392,AACCCACCGAGGGGGAGCTG,0
NC_393,AATTAGAACTTTGGCGTGCC,0
NC_390,GGCAACACACAAAGCGTTTC,0
NC_396,AGGCATCTCCATCACCTGAT,0
NC_395,TTCGAGCCCGTCCGCAGGCA,0
NC_370,ACATTTCCGAAGTAAGCCTT,0
NC_371,CCTCGGTAGGGCGGATTGGA,0
NC_373,GCAGAGTTTCGTGAGTACAA,0
NC_374,AGTTGCCCGTCGTCGAAAGA,0
NC_377,TATACGCGTTGCGATATGCC,0
NC_1219,TTTCTCGTGCGCACGTACCC,0
NC_1218,GATCGTTGGTGGATCGCTAT,0
NC_1215,GCGATATAGTGTATACCTTA,0
NC_1214,GCCCCGAAAATCTGAGGAGA,0
NC_1217,TCAACAGGTATAGACGCTCT,0
NC_1211,AGTTGGTCACGGGCAGACCA,0
NC_1210,TCTCGGATGGCGCCGTCCAC,0
NC_573,TTATTGTGAACCGTACGATA,0
NC_570,AATCGGGAAAGGCTACTACG,0
NC_577,GCAAGTTGAGGTGGCTCGAA,0
NC_578,CTAGCGAATACGTGGAACGC,0
NC_1368,CTACCCAGGACATATCCTAG,0
NC_1360,GTGCTGCCATCACACGAAAT,0
NC_1363,TCTTTCGGCAATTGCGTGCA,0
NC_1362,ACCAGGATAAACGGTTTTTA,0
NC_1365,TGGGGGGTTTCCGGAGTACT,0
NC_1364,GACAAGTCGGAAAACTTGGG,0
NC_1367,GGAAGTTCCCGGATGTGCCT,0
NC_1541,TTCTTGAACTACCTTTGGTA,0
NC_669,ACTTTGCAGATGGGAGTCCC,0
NC_796,AGGAAAGTAGCCACTCCATG,0
NC_794,TCTCTAAGTTCGTTTTGCCT,0
NC_795,TAACTTGCATGGGTCAGGTC,0
NC_792,GGCACGGAGGAGACGGGACC,0
NC_150,ACTCACCAAGCATAGGCAGA,0
NC_151,AGTCGACAGTGAGGTTTCGC,0
NC_153,AGACCCCCCCCCTGATGCCT,0
NC_154,TTGATAAGTACCGCACAAAG,0
NC_408,CCGATTGATCCAGGCGAGTC,0
NC_409,GGCTTGGCCGTGCACCCTTA,0
NC_158,CGAAAGTATACGATGTAACT,0
NC_404,TGAATCTAGACTGTCATCCA,0
NC_405,ACGCCCTAAGCGTCATATAC,0
NC_402,ACCGGGGGCTTACTACGATT,0
NC_403,CCTATCCGTAAGTCCTCGAC,0
NC_401,CAAGTTCTCCAAAGATACAC,0
NC_1145,CCTTCGCATTGCGGCTACAC,0
NC_1147,CCGACGTCCTTATAGTGTTT,0
NC_1140,GCCCTTATCACTCGAACGCA,0
NC_1142,CGCGTATGTCTGAACGTTGA,0
NC_240,GAGAAGGAAGGAGAGAATAC,0
NC_1149,CGTCTACCTGTAGGTCAAGG,0
NC_1148,CAGAAGTCAATATGCCCCAA,0
NC_242,TTCGAAAAGTTGCCACTTGA,0
NC_1270,GTCTGTCGTAGGAGCAGCGC,0
NC_1556,CATAAGTGGTGTGATCCCGG,0
NC_1554,GCGGCCTTCGCCCATCATTC,0
NC_1555,GACAGCTATAAGACTCATAT,0
NC_1553,CAGCTGACAGCTCCAAGGAA,0
NC_1550,TGGTCTTGTGAGCTACCCGG,0
NC_147,ATACTGGCCAAGGATACCTC,0
NC_146,ACCGTGTTTCTTGAGCGCTC,0
NC_144,TCCTTAAACGCGGACTATCA,0
NC_969,TCCAGCGCGGGGTCCCCAGT,0
NC_965,TTTCGGAGCAGCTGGGAGTT,0
NC_963,CATGTCCCCGTGAATGTAGC,0
NC_962,GAGCTAGCTACCGCACAAAC,0
NC_244,GTTACGTTGTGCGACCCTGC,0
NC_245,GTTATCAGCGGGGGCCAATT,0
NC_898,CGGATGTGAGCTGCTGCTTC,0
NC_891,GACCACATGTTTGCGGTAAC,0
NC_890,CCCTTCTGTTTTGTTAAGGA,0
NC_893,CCATAGTGGGGGTTTGGGCG,0
NC_892,GTCTCGAAACATCTACCTCT,0
NC_896,AATCGCAGTGTTATAGCGCG,0
NC_246,AACCGAAGGGGTTGCAATAT,0
NC_247,GTGGACATCCGTATTATAAG,0
NC_1018,CATTTATTAGAAGCAGCCCA,0
NC_1012,CTAGGAATGGGCGGACGGGT,0
NC_1209,TACCTTCCAGGGACTCAGTT,0
NC_1202,ACCAGGGATTAAGACTCGAT,0
NC_1200,ATGATGACCAAGCGCTGTGA,0
NC_1204,TCTGCGAGACGCAGAGCCAA,0
NC_561,AGTCTCCATTCGAGTAAGGT,0
NC_560,CCGTTGCTCGCAGCATAAGA,0
NC_563,GAGGGCGCCCTGGAGTTGCC,0
NC_564,GTCCGTGCTCACGTTGCCTA,0
NC_566,GGGGAACCGAGGATGTCGGT,0
NC_568,AGACAAGTAAGTAACTCGAA,0
NC_1377,TTCTGAGAGCTAGTGGACGA,0
NC_1374,TCGGCGTTCAGACGAATGAC,0
NC_1373,GCCGCCTCATCCCTACCGGT,0
NC_1371,TCGATCCGCCTCTAGCTACC,0
NC_1379,TCAGCCGCTTATGTACACGA,0
NC_367,GCAATCCTTCAGCGATGCAT,0
NC_366,ACACGCTCTTAATGGGACGG,0
NC_365,ATTCGACCACTGGCACTTTG,0
NC_364,GGTCTTATTTCCCTTGCTGT,0
NC_363,GAAGATTCACCAAGTCAGTA,0
NC_362,ACTACAGGTGGCACGGTCCG,0
NC_368,CTAGAACTGCGCTAGAAGCC,0
NC_788,ATACTAAGTTCCCAAATCGA,0
NC_1558,CATGATCTCGCCCCTTCCCA,0
NC_1559,CTGAAGCTACAACGTCAGTG,0
NC_784,CTGGGGCTCCCTCCAAAAAC,0
NC_787,AAAGGTAGTGAGTCAACTCA,0
NC_786,TAGGGCGTTCGTTTGGTCGC,0
NC_780,CGTATGTTTGTCAAATCCAG,0
NC_419,ACTACCGATATAGATACTGC,0
NC_418,TCCATAACGATGTCTAGCGT,0
NC_149,CTGCGACGAAGCTCTTATAT,0
NC_148,CGAGTCATATTTAACTCCCG,0
NC_415,CGAACTAAACGCCTTCTGGA,0
NC_414,GGTACTCACAAGGGCAGGAA,0
NC_417,GGAGGACTAATATAGGACTA,0
NC_411,AGACGGTTTAATATAGTCCC,0
NC_141,GTCCGCCTATGCCGTTAGTA,0
NC_140,TGGTCCGGGCCCCTGCCATA,0
NC_1152,TCTTCACGAGCCGCGCATAT,0
NC_1153,GCTTGAGACCCACTGCAACT,0
NC_1150,TATGGAATTCCATTGCGCCC,0
NC_1154,TGATGTTGCGGTTCACATAT,0
NC_613,CACTGCTAATGAGCGCGAAT,0
NC_612,CATTTACGCTTTGGTGACGG,0
NC_615,TTTGCTAAGTGCATGAGATC,0
NC_614,TGAGCCCCGGACATCCAGTT,0
NC_196,GAGGACTTGTTGTTTCCTAC,0
NC_959,GTATTATGCTACGACCCAAG,0
NC_950,AGCGAAGCTGCTCCGCACCC,0
NC_952,TATGGTCCTCGCGATTTCTC,0
NC_953,GATCAGTACAGGTCGAGCAA,0
NC_954,TCGCTATCCATCATCAAGTG,0
NC_955,CGCTGTTCTAGATTGAGCAC,0
NC_957,CTAAGGCACTATCAAGAAAC,0
NC_356,TTGATACGTCATCCTAGATC,0
NC_357,CGCATGGGGACCGAGTCGTC,0
NC_1052,TTTCACTAATAGATTCGGGG,0
NC_558,TCACTAACCGTTTAGGCGCG,0
NC_229,ATGTGGCCTAGCCGGGAGGC,0
NC_226,CAGCCCACTGCTTAATAATG,0
NC_227,GCACTTATGATGCCGCTTCG,0
NC_224,GCCTGATAGGACCAAGACTT,0
NC_225,CAGCCCGGTCGGAGTACATT,0
NC_223,CCAGGAACTGCCGTGGCGCT,0
NC_220,GTTAATTACTTATCCCGACA,0
NC_1093,AACCACGATGACTACTCAAG,0
NC_1092,CGGAACCCTAGCTTACGTTT,0
NC_1091,GGGTATTGTAGCCGACGTTC,0
NC_1097,GTGCAGCATTTTTTGGGGTT,0
NC_1096,ACCCACCGCGTATTGGATCA,0
NC_1094,GACGTGTCGGTTCGGGACGC,0
NC_1098,TCCACCCTACGTGCTTAACC,0
NC_1303,CCCTGCGGATCTAAGGCCCC,0
NC_1302,ATACACGTACTACGCAGCCG,0
NC_1307,GCTAGCCAGAACTTCTTTTC,0
NC_1305,ATAATTAGTAACGGCGGAGA,0
NC_310,GCTCACGGTGATAAATCTGA,0
NC_311,TTGATAAGTTACGGCCGCGT,0
NC_316,GGACTCGCCATCTGCACATG,0
NC_317,TAAACAGGACTTATTACGGA,0
NC_314,GCTGGGAGCTGCACATTACT,0
NC_315,GTCCGTACAACTTCACGTCA,0
NC_318,GTAAGTGCAGTCTCTAATCT,0
NC_1529,CTCTCTCATACTAAGCGTGC,0
NC_1522,TGACGGTATTCCGTCGGAGT,0
NC_1521,TTCCATCTGTCGTATGTAGA,0
NC_1527,GTCTCGGAAGACTCAGTGCT,0
NC_1525,GAGCCTGATCCTAACATATT,0
NC_1524,TCTAGCTCACCGAAAAGCCC,0
NC_428,GGCCAAGGGTCGAGTTATCC,0
NC_429,CCCAGGGAGGTCCGTCTTAT,0
NC_139,CGCACAGCATTCCTCGAGCC,0
NC_132,GTTTGAGTTTATCAGCCTAA,0
NC_130,GAGTGCAACAGACACTAACG,0
NC_131,GGGCAATAACGAAACGTATC,0
NC_136,ACCCTTTATCGTCTGACGAC,0
NC_137,ACACCGTAAACACTTGGAAT,0
NC_134,GTTCACCGCATCTGTGTTTA,0
NC_135,CTGATTCGATGCCCTACCGA,0
NC_1418,GATTCCTGCTAAGTGAGCGA,0
NC_1414,AATTAGAGCGATCTTGCACG,0
NC_1413,GCTATAATGGAGTTTGGTAT,0
NC_1412,TCTACACTGACTATCGCAGG,0
NC_88,GCTTTCACTCGGGGAATGAT,0
NC_80,CCGCACTTTGAAAGCTGGAA,0
NC_83,CCGATCCCGAGAGCCTAGTG,0
NC_85,AAATGCTACGGACGCTCATT,0
NC_84,GAGCCATGTTATCGCTCACT,0
NC_86,ACATCCTTCGTGAGCTGACG,0
NC_263,CGAGAGCTCATAAGAGACTA,0
NC_1296,CAGGATGTAGGCTTTTAAGT,0
NC_266,AAAGCTCACATGGGGGATGG,0
NC_267,TTTATTCTTCGCACTGGATT,0
NC_264,CGGAGCCCGACCCCATGCTT,0
NC_1356,CAGCTAAATCGGTCGTTTTA,0
NC_1357,GGTACTATCCCAATTTGTTG,0
NC_1351,CGTGTGCCTGTCTTCTAGGG,0
NC_184,GTAGGTGCAGGTGTTACCCC,0
NC_1574,GCCCCATCGGATAAGTTCTT,0
NC_1575,AGAACTAGGTCGACATTCGC,0
NC_1576,ATCTACTCCAATGTCTCGGC,0
NC_947,GCTGGCCTCCAACGCACGCA,0
NC_946,TGTGAAGATATGATGTCAGA,0
NC_945,ATTCTTAGTCGTCGACCCGT,0
NC_944,GTATCCTCTCTGTTCGCGCC,0
NC_942,CGAGAGCCGACCTTGACTCT,0
NC_1570,TTGAGGAATCCGAGCTCGGC,0
NC_948,TGACGTGATTCCGATCGTAG,0
NC_1572,CACAGACTACCGTCTGGGCG,0
NC_113,ATGAGCCCTTAACGCGCCGC,0
NC_1536,AAGCATAGGTGAGGCATAAA,0
NC_548,TGGGCCGGACCACGTGAGAC,0
NC_238,AGACGTAGGTGCCAGGAGCG,0
NC_237,CCATGGGAAGTGGCCCGGTA,0
NC_236,GAGGGAACTAGTTCTTGAGG,0
NC_231,CATAATATCTGCAACGAGGC,0
NC_230,GAGCACCCTTAATCATGATC,0
NC_233,TCGACTAAGTTCTCATAAAC,0
NC_544,TTCAGCTACGTGACAATATA,0
NC_1080,TCTCTGAAAATTACGACGGT,0
NC_1081,ATGGGCGTAGAAATCTCTTC,0
NC_1083,ATGTCGAGGTGTTTGCGACT,0
NC_1084,ACATGTAACCCGCCCGTCAA,0
NC_1086,TCGCGCACCTGGAGTTAGGT,0
NC_1087,CCAGGGTTGAGACCCCTTCA,0
NC_1089,GGGAACGCGCATGGTACGCA,0
NC_1310,AGTTAATGCGGTCTGCTGGA,0
NC_1311,GACTTTGAGAGAGACACAAC,0
NC_1313,CAGGTCCAGTTGGTTCAGGC,0
NC_1315,CTTCCTATACATTGCTTACT,0
NC_1316,CAATTGCGACAAATGTGTCT,0
NC_1318,GTCCGATTTGTATAAGCGCG,0
NC_1319,TAATGTAATGTCACGTATCC,0
NC_303,CTTAACACCTCGGCTATGCA,0
NC_302,GAACCAACCATGTCAGTCTC,0
NC_304,CATGTTGTGATACGTCTACG,0
NC_307,GTCACAGATGCCTCAAGAGA,0
NC_306,AAACACGTTGGAAAGCTCAA,0
NC_309,GACGTGGAATTATAGTGGAC,0
NC_308,CTCACCCGTCATCTAGACTG,0
NC_436,GGACGTAGGTGAGGCAACAC,0
NC_434,CAAGAGAAGGCAGACAGAAC,0
NC_432,GACCAGTGAGTTTTCGTGCT,0
NC_430,GCCTGGGGGTCGATCCGTAA,0
NC_1530,TTATACGTAAACACACAGGC,0
NC_1531,GTGGAGTGAACCGCCCGCCC,0
NC_1532,CACATCACATTTCGTCAACG,0
NC_439,GATATCATGGAAAACATCGT,0
NC_129,GTCGAGTCCCTCAAATAAGC,0
NC_121,CTTCAAGAAGTTACTGCTAA,0
NC_122,TGGGACGCCTGCTCATAGAC,0
NC_125,ACACGAAAGACAACTCCGCG,0
NC_124,TCGGTGGCTTTCAAGTCCGC,0
NC_126,GGACAGAATGGTTCCGTAAA,0
NC_1408,CTTGTGTTCCCAGCGTACAA,0
NC_1405,GTTAGTTGCAGCCGTCCCAC,0
NC_1406,ACATTACCAGCTATCAGCGC,0
NC_1400,CATGTATGTGTATACTCGAA,0
NC_1401,CTGCTAACGGGTAGCGTATA,0
NC_1402,CAGGTACCGAGAGCAGACCC,0
NC_99,ATGAGCTCAATCGTTTTCTA,0
NC_93,TCCTCATGATCACAGGGGGT,0
NC_96,CTGTCTTTGAGCAGATTTCT,0
NC_97,GGGGGCCATGAATACTTTGG,0
NC_95,GAAGGGCCCGTGGTACCGGG,0
NC_932,GGACCTTCGTATGTTTCCTT,0
NC_931,TCTCTAGCGGGTCCAGTGGT,0
NC_934,GACTCAGCGGAGGCCTACTT,0
NC_848,AGCTTGTATATGGAATTGCG,0
NC_846,AAACAACCACTTAGTAATGC,0
NC_847,ATGCGCTGTAGGAGGTGGTC,0
NC_844,TGTTATAGGCAGGACCGCGC,0
NC_840,TGGTCTTTACACGGTTCGTA,0
NC_841,GGTAAGCTATGCGAGCCCTA,0
NC_1328,AGCGTAGAATTGCATAGCTC,0
NC_142,TCTAGCGGTCACCGGTACAT,0
NC_209,CATCCTGCGTGCAATATACA,0
NC_115,AGCGAACCAGCTAGCCATTA,0
NC_200,ATTACAGTAGGCCAATACCA,0
NC_201,GTTCAGGTACACCTACTCTG,0
NC_204,ATCTATTCTCACTTACAGCG,0
NC_117,TTATTCCAAACATACTGTGG,0
NC_110,GCAACTTGTCCTGCCTGCAT,0
NC_111,ATTTAGGGCTCAGCAGACTC,0
NC_1329,AGTAGCGTGTGCTTGGTTGT,0
NC_112,ACACCAGGCGGATCGTATTA,0
NC_1324,CTCACATAGCCCTCGACTCC,0
NC_1327,GTGCCACAGCTCTACAGCTC,0
NC_1323,TCCTCGTGGGGCTTAAGCGC,0
NC_1322,CCGCCGACGGAGTGAAAGGC,0
NC_338,TCACCAGGCTCCGCGTGCCC,0
NC_337,GCATGCACATGAAGGTAATT,0
NC_331,CAGGCCGAACGCCATGCTTT,0
NC_333,ATAACCAGGGAACTTAAGTA,0
NC_443,ATTGGTTCGTAAGCTGAGAA,0
NC_441,CAGTGTACATATGCTACACG,0
NC_446,TGTCCCACTCTTATAACACC,0
NC_445,CCAGAATGAGGGTGGGCCCT,0
NC_448,TGGACTCTTTATAACCGTTT,0
NC_118,GTGTAAAACCGGATGCTTTG,0
NC_119,AGTACCAAGAAAAATGATCG,0
NC_686,CGATCAACGGGGGCAATCGA,0
NC_687,GGGTATTGTAATGACGTGGC,0
NC_681,ATCCACAAGGGGCAGCAGCC,0
NC_683,GTGTTGACTATGGGGTAGCG,0
NC_689,ACTCTTACGGTCAAGGTGTC,0
NC_1189,CCGGTATATGGGCGTGGTGT,0
NC_1183,TGTGTCGAAGAACGCGATCA,0
NC_1182,GGTTCTGCTTTAGCCTTCTC,0
NC_1185,TTCAACTATGAAGCTGACGC,0
NC_1184,TATGCACCTGTGAATAGTCG,0
NC_1430,TAGTTATCGTATCGTACGCC,0
NC_1432,AGTGGCTTAAGAATCACTAT,0
NC_1435,GATTTGAGTGTACAAATTGG,0
NC_527,GACCCGTACAAGAAACGGCG,0
NC_591,GGCACTAGAGATCTGAACGT,0
NC_594,TTGGGGTAACTGATCGGTAC,0
NC_595,ATCTGTTTCTAAGCATGCCG,0
NC_596,TCACATTGACGGGAGCGCCC,0
NC_598,CACAGAGTCTGAGGCAGGTC,0